"","pbdb_no","gdd_id","title_sim","author_in","year_match","pubtitle_sim","Match"
"13",14,"54b4326ce138239d86850115",0.5384615,FALSE,FALSE,0.378378378378378,0
"15",17,"5750d318cf58f1af20e471a6",0.5433071,FALSE,FALSE,0.352941176470588,0
"17",19,"574f4cddcf58f1201cf4d554",0.5277778,FALSE,FALSE,0.352941176470588,0
"19",21,"54b43249e138239d86849fc6",0.5222222,FALSE,FALSE,0.326530612244898,0
"25",27,"55901df2e13823109f3eedd0",0.4615385,FALSE,FALSE,0.137931034482759,0
"33",35,"579a2d35cf58f1b043406de9",0.4539877,FALSE,FALSE,0.173913043478261,0
"41",43,"56c18d95cf58f15c72c901ba",0.4596774,FALSE,FALSE,0.130434782608696,0
"47",49,"57509501cf58f1978ab3a885",0.6,FALSE,FALSE,0.352941176470588,0
"53",55,"55045708e1382326932d860d",0.4353741,FALSE,FALSE,0.207547169811321,0
"62",64,"55b72bbfe13823bd29ba7fdf",0.5172414,FALSE,FALSE,0.217391304347826,0
"63",65,"5777f0d3cf58f103df18f0eb",1,TRUE,TRUE,0.921052631578947,1
"79",84,"54b4325de138239d8684d74c",0.6774194,FALSE,FALSE,0.111111111111111,0
"95",100,"57883213cf58f114d39917a1",0.4318182,FALSE,FALSE,0.142857142857143,0
"108",113,"557fbd44e13823bc80ba280a",0.5384615,FALSE,FALSE,0.148148148148148,0
"112",117,"55b836dbe13823bd29ba8634",0.6046512,FALSE,FALSE,0,0
"117",123,"55b6cf85e13823bd29ba7da1",0.5591398,FALSE,FALSE,0.15,0
"122",128,"54b43281e138239d86853acd",0.4516129,FALSE,FALSE,0.451612903225806,0
"123",129,"54b4326be138239d8684fffb",0.5,FALSE,FALSE,0.162162162162162,0
"128",134,"57484601cf58f13dc080b54f",0.9859155,TRUE,TRUE,1,1
"129",135,"575158b2cf58f123df327965",0.6363636,TRUE,FALSE,0.352941176470588,0
"130",136,"57502a63cf58f16f29678340",0.7432432,TRUE,FALSE,0.352941176470588,0
"141",147,"558b5775e13823109f3ed2c0",0.4545455,FALSE,FALSE,0.228571428571429,0
"148",154,"54b6ce2ee138230a74d156a8",0.3947368,FALSE,FALSE,0.2,0
"158",166,"54b43244e138239d86849323",0.9117647,TRUE,TRUE,1,1
"160",168,"54b43260e138239d8684e10f",0.4424779,FALSE,FALSE,0.125,0
"166",174,"558b5775e13823109f3ed2c0",0.4893617,FALSE,FALSE,0.224489795918367,0
"176",185,"54b4325de138239d8684d982",1,TRUE,TRUE,1,1
"178",187,"5682acf3cf58f13bc8eceb2b",0.5258621,FALSE,FALSE,0.216216216216216,0
"196",207,"54b4325de138239d8684d889",0.4848485,FALSE,FALSE,0.130434782608696,0
"199",210,"54efdb86e138237cc9152cbc",0.4353741,FALSE,FALSE,0.375,0
"206",217,"558d5806e13823109f3edd5b",0.9864865,TRUE,TRUE,1,1
"210",221,"55ae141ae13823763a83094c",0.4733333,FALSE,FALSE,0.172413793103448,0
"216",227,"56b52544cf58f14c238d31e5",0.6923077,FALSE,FALSE,0.275,0
"222",233,"56fd5a03cf58f181da36d1de",0.462963,FALSE,FALSE,0.146067415730337,0
"226",237,"57481272cf58f12f86cd43c9",1,TRUE,TRUE,1,1
"231",243,"54b43251e138239d8684b6dc",0.5054945,FALSE,FALSE,0.152542372881356,0
"239",252,"551f7bd5e138236e51a99fc9",0.6774194,FALSE,FALSE,0.2,0
"242",255,"54b43281e138239d86853b9b",0.557377,FALSE,FALSE,0.219512195121951,0
"248",261,"54b4326ae138239d8684fcbf",0.4477612,FALSE,FALSE,0.378378378378378,0
"249",262,"54e9e07ce138237cc91513cc",0.5714286,FALSE,FALSE,0.19047619047619,0
"256",269,"57871c5acf58f1740ed6b07b",0.4769231,FALSE,FALSE,0.130434782608696,0
"261",275,"57463b59cf58f1622aff2b95",0.5,FALSE,FALSE,0.22,0
"265",279,"54b4325de138239d8684d8eb",0.9818182,TRUE,TRUE,1,1
"268",282,"559cc6dbe138230816dad50c",1,TRUE,TRUE,0.714285714285714,1
"269",283,"557c852ce138239225f868a0",1,TRUE,TRUE,0.714285714285714,1
"289",303,"57ab0df7cf58f19cb6a26fb6",0.6363636,FALSE,FALSE,0.130434782608696,0
"290",304,"54b4326ee138239d868507d6",0.4444444,FALSE,FALSE,0.378378378378378,0
"300",315,"56c17ffbcf58f15c72c900c9",0.9933333,TRUE,TRUE,1,1
"303",318,"5786b1c9cf58f14d7bbc0f4e",1,TRUE,TRUE,0.552631578947368,1
"308",323,"55b7ba3ae13823bd29ba8340",0.4677419,FALSE,FALSE,0.114754098360656,0
"311",326,"5682f89ecf58f1479a0ab82f",0.6176471,FALSE,FALSE,0.538461538461538,0
"317",332,"55a6c438e13823757cc6fb9e",0.5043478,FALSE,FALSE,0.126760563380282,0
"328",343,"55b3698be138231cbdd6d1a7",0.4052288,FALSE,FALSE,0.130434782608696,0
"333",348,"55b3691ce138231cbdd6d1a4",1,TRUE,TRUE,0.782608695652174,1
"338",353,"56c1a0d2cf58f15c72c90313",0.5967742,FALSE,FALSE,0.130434782608696,0
"349",364,"574f7128cf58f12d3934387a",0.4433962,FALSE,FALSE,0.352941176470588,0
"359",374,"57107204cf58f146e2ad0575",0.5,FALSE,FALSE,0.173913043478261,0
"363",378,"54b43255e138239d8684c203",0.3666667,FALSE,FALSE,0.206896551724138,0
"365",380,"54e960a1e138237cc91511b3",0.5376344,FALSE,FALSE,0.418604651162791,0
"369",384,"55b2b546e138231cbdd6cdee",0.986755,TRUE,TRUE,0.782608695652174,1
"371",387,"55b31618e138231cbdd6cff6",1,TRUE,TRUE,0.782608695652174,1
"386",402,"56c18d60cf58f15c72c901ad",0.4431818,FALSE,FALSE,0.230769230769231,0
"388",404,"55b784c7e13823bd29ba8227",0.4615385,FALSE,FALSE,0.162790697674419,0
"401",417,"574ff217cf58f15b21fd156a",0.4210526,FALSE,FALSE,0.24390243902439,0
"414",431,"55b73c8ce1382373b63b7b9d",0.4018692,FALSE,FALSE,0.129032258064516,0
"420",437,"55917d18e13823109f3ef5dd",0.7321429,FALSE,FALSE,0.158730158730159,0
"424",441,"55917d18e13823109f3ef5dd",0.6056338,FALSE,FALSE,0.158730158730159,0
"427",444,"55b79c99e13823bd29ba82a2",0.4918033,FALSE,FALSE,0.257142857142857,0
"429",446,"574ae6abcf58f13f8a2ce05d",0.5263158,FALSE,FALSE,0.352941176470588,0
"444",462,"54b4325de138239d8684d71f",0.452381,FALSE,FALSE,0.130434782608696,0
"445",463,"55b2aaeee138231cbdd6cdb9",0.9714286,TRUE,TRUE,0.782608695652174,1
"450",469,"57af847ccf58f1744a22cdfd",0.5494505,FALSE,FALSE,0.28,0
"468",487,"56c541bacf58f17493f8672b",0.4193548,FALSE,FALSE,0.140625,0
"473",492,"574b92edcf58f16e442a453b",0.5934066,FALSE,FALSE,0.352941176470588,0
"476",495,"55b3a2bce138231cbdd6d2e5",0.4313725,FALSE,FALSE,0.235294117647059,0
"479",498,"54b43250e138239d8684b32d",0.4649123,FALSE,FALSE,0.260869565217391,0
"484",503,"54b4325ce138239d8684d596",0.5591398,FALSE,FALSE,0,0
"516",535,"55b2be42e138231cbdd6ce1e",0.5135135,FALSE,FALSE,0.166666666666667,0
"527",546,"56b986facf58f14c238d4b97",0.8235294,FALSE,FALSE,1,0
"532",551,"57beb84acf58f130a08ff4ef",0.426087,FALSE,FALSE,0.186046511627907,0
"536",555,"56b97ddfcf58f14c238d4b62",1,TRUE,TRUE,1,1
"537",558,"55ad072ee13823763a83029f",0.4217687,FALSE,FALSE,0.260869565217391,0
"545",566,"56c19858cf58f15c72c90272",0.547619,FALSE,FALSE,0.130434782608696,0
"549",570,"56a06e39cf58f1079fd4be36",1,TRUE,TRUE,1,1
"550",571,"56a06e7bcf58f1079fd4be3b",1,TRUE,TRUE,1,1
"553",574,"54b43250e138239d8684b4f5",0.5164835,FALSE,FALSE,0.0942028985507246,0
"573",597,"56ebf148cf58f162071f666e",0.3876652,FALSE,FALSE,0.242424242424242,0
"575",599,"5567f9d1e1382382d70cf39d",0.3719008,FALSE,FALSE,0.242424242424242,0
"586",610,"54b66ef8e138230a74d15503",0.4660194,FALSE,FALSE,0.15,0
"594",620,"555bbb26e13823b845fe3c88",0.5490196,FALSE,FALSE,0.15,0
"603",629,"54b4325de138239d8684d899",0.6595745,TRUE,FALSE,0.0847457627118644,0
"607",633,"54b43250e138239d8684b4ae",0.483871,FALSE,FALSE,0.130434782608696,0
"609",635,"54b4325de138239d8684d84b",0.4488189,FALSE,FALSE,0.0372670807453416,0
"616",642,"57bed596cf58f13a072dbd87",0.5833333,FALSE,FALSE,0.235294117647059,0
"618",644,"54b4326ce138239d86850171",0.3888889,FALSE,FALSE,0.175438596491228,0
"637",665,"57bed596cf58f13a072dbd87",0.5625,FALSE,FALSE,0.15929203539823,0
"649",677,"54b43248e138239d86849f2e",0.3860465,FALSE,FALSE,0.169491525423729,0
"662",695,"55b72d65e13823bd29ba7feb",0.6081081,FALSE,FALSE,0.217391304347826,0
"674",709,"558c8842e13823109f3ed917",0.4954128,FALSE,FALSE,0.0769230769230769,0
"676",713,"56318ad4cf58f10c477fe61d",0.5376344,FALSE,FALSE,0.230769230769231,0
"681",720,"55b3bab6e138231cbdd6d372",0.4444444,FALSE,FALSE,0.264705882352941,0
"686",728,"57500980cf58f163954e9417",1,TRUE,TRUE,1,1
"696",743,"57510ed7cf58f1071dca86a9",1,TRUE,TRUE,1,1
"697",744,"55aecc89e13823763a830df1",0.5,FALSE,FALSE,0.260869565217391,0
"700",747,"574f9452cf58f139cdc8a37c",0.4803922,FALSE,FALSE,0.352941176470588,0
"709",758,"5600efcacf58f1b3a35af08a",0.4298246,FALSE,FALSE,0.177777777777778,0
"710",760,"54fa1117e138239936c6cb56",0.4186047,FALSE,FALSE,0.145833333333333,0
"713",766,"577b2e6dcf58f12d5f35aca1",0.5670103,FALSE,FALSE,0.185185185185185,0
"715",768,"5715e220cf58f1abd3e0d8a1",0.4864865,FALSE,FALSE,0.16,0
"717",773,"54b4325de138239d8684d71f",0.6031746,FALSE,FALSE,0.166666666666667,0
"719",775,"54b43244e138239d868491ff",0.4953271,TRUE,FALSE,0.122448979591837,0
"723",779,"56ca1ec5cf58f12223d481ba",0.4794521,FALSE,FALSE,0.0769230769230769,0
"724",780,"5682a665cf58f13bc8ecead7",0.5494505,FALSE,FALSE,0.170212765957447,0
"726",782,"574f6a25cf58f12ac1aaa452",0.5365854,FALSE,FALSE,0.246376811594203,0
"727",784,"55b6cd35e13823bd29ba7d92",0.504,FALSE,FALSE,0.128571428571429,0
"732",789,"54b4325fe138239d8684dec8",0.5092593,FALSE,FALSE,0.19047619047619,0
"739",796,"56b56bbfcf58f14c238d3375",0.4444444,FALSE,FALSE,0.129310344827586,0
"743",800,"570fe6ddcf58f11575bd914f",0.6231884,TRUE,FALSE,0.161290322580645,0
"745",802,"56c1a0dacf58f15c72c90315",0.4529915,FALSE,FALSE,0.130434782608696,0
"753",810,"5681ff94cf58f1ba274d4c82",0.4673913,FALSE,FALSE,0.130434782608696,0
"757",821,"54b43245e138239d86849616",0.5795455,FALSE,FALSE,0.326530612244898,0
"761",828,"56e147fccf58f10b8ceed642",0.4655172,FALSE,FALSE,0.129032258064516,0
"768",837,"570d67bccf58f1b0d107ee19",0.4565217,FALSE,FALSE,0.173913043478261,0
"769",838,"56c19b5acf58f15c72c902b2",0.4545455,TRUE,FALSE,0.130434782608696,0
"772",841,"577ac87ccf58f11436ce9d36",0.6091954,FALSE,FALSE,0.279069767441861,0
"775",845,"56b986facf58f14c238d4b97",0.7011494,FALSE,FALSE,0.521739130434783,0
"782",853,"5591801be13823109f3ef5ea",0.5230769,FALSE,FALSE,0.130434782608696,0
"784",855,"56c18706cf58f15c72c90134",0.9885057,TRUE,FALSE,1,1
"792",863,"5681ddd0cf58f1ba274d4a9c",0.5671642,FALSE,FALSE,0.230769230769231,0
"798",869,"56c19319cf58f15c72c90224",1,TRUE,TRUE,1,1
"802",873,"55b80780e13823bd29ba84fe",0.9655172,TRUE,TRUE,1,1
"804",876,"54c1546de1382389c54c3b81",0.5454545,FALSE,FALSE,0.261904761904762,0
"807",879,"54b4324ae138239d8684a46c",0.5945946,FALSE,FALSE,0.26530612244898,0
"819",892,"54b4328be138239d8685582e",0.5243902,FALSE,FALSE,0.148148148148148,0
"830",903,"56a49938cf58f1944252bbf4",0.5116279,FALSE,FALSE,0.290322580645161,0
"841",915,"54b4326de138239d86850550",0.4875,FALSE,FALSE,0.243243243243243,0
"856",946,"57bec8b2cf58f135fb7a7a61",0.6216216,FALSE,FALSE,0.422222222222222,0
"862",999,"57892cdfcf58f1667c881b1a",0.5357143,FALSE,FALSE,0.153846153846154,0
"863",1005,"559fe599e138234d98ada2af",0.402439,FALSE,FALSE,0.202380952380952,0
"865",1007,"571a5704cf58f19a9ee459a9",0.4693878,FALSE,FALSE,0.216216216216216,0
"866",1008,"57753779cf58f1ba1b05be9f",0.55,FALSE,FALSE,0.236842105263158,0
"870",1015,"54b4327ee138239d868534d1",0.4020619,FALSE,FALSE,0.441176470588235,0
"873",1025,"54b43261e138239d8684e410",0.5434783,FALSE,FALSE,0.148148148148148,0
"875",1028,"5776b584cf58f167a68994e3",0.5762712,FALSE,FALSE,0.184210526315789,0
"879",1035,"568207a5cf58f1ba274d4cf9",0.5185185,FALSE,FALSE,0.192307692307692,0
"880",1036,"574ee107cf58f1b872108534",1,TRUE,TRUE,1,1
"887",1051,"57920f78cf58f1bd045ac4ce",0.5375,FALSE,FALSE,0.3,0
"890",1058,"57255646cf58f1581daaac54",0.4444444,FALSE,FALSE,0.152777777777778,0
"893",1064,"54b43260e138239d8684df7b",0.4339623,FALSE,FALSE,0.130434782608696,0
"896",1067,"557cc997e138239225f869bf",0.5892857,FALSE,FALSE,0.217391304347826,0
"899",1082,"5787aa25cf58f1a6863aef27",0.6,FALSE,FALSE,0.2,0
"900",1093,"55b84f3be13823bd29ba86c8",0.4526316,FALSE,FALSE,0.16,0
"906",1105,"55b3145ae138231cbdd6cfed",0.5714286,FALSE,FALSE,0.217391304347826,0
"907",1115,"55b32202e138231cbdd6d034",1,TRUE,TRUE,0.782608695652174,1
"908",1118,"54b43260e138239d8684e088",0.4538462,FALSE,FALSE,0.130434782608696,0
"909",1124,"558c8842e13823109f3ed917",0.5211268,TRUE,FALSE,0.269230769230769,0
"913",1136,"5682a6bdcf58f13bc8ecead9",0.557377,FALSE,FALSE,0.521739130434783,0
"914",1141,"574d710ecf58f1362a655682",0.6380952,FALSE,FALSE,0.352941176470588,0
"915",1142,"574a0cb3cf58f1bff0f06175",0.6525424,FALSE,FALSE,0.352941176470588,0
"920",1149,"574d7f20cf58f139ed165d7c",0.5208333,FALSE,FALSE,0.264705882352941,0
"922",1155,"54b4326ee138239d86850763",0.6,FALSE,FALSE,0.189189189189189,0
"924",1176,"54b6fad1e138230a74d15762",0.4714286,FALSE,FALSE,0.2,0
"931",1198,"55092df1e138238460c4f6e6",0.5344828,FALSE,FALSE,0.172413793103448,0
"940",1217,"54b43250e138239d8684b479",0.5795455,FALSE,FALSE,0.130434782608696,0
"947",1224,"54b43250e138239d8684b475",0.4417178,FALSE,FALSE,0.210526315789474,0
"949",1228,"54c46522e1382389c54c4851",0.5875,FALSE,FALSE,0.133333333333333,0
"955",1242,"55b33e8ce138231cbdd6d0ca",0.4337349,FALSE,FALSE,0.183333333333333,0
"960",1253,"55b3b99ee138231cbdd6d36a",0.4761905,FALSE,FALSE,0.189189189189189,0
"968",1278,"56fae128cf58f16420d48ec7",0.4571429,FALSE,FALSE,0.125,0
"980",1311,"571ab690cf58f1bdaddb8d9e",0.4050633,FALSE,FALSE,0.15,0
"984",1324,"54b43249e138239d8684a020",0.4646465,FALSE,FALSE,0.244897959183674,0
"989",1344,"550602f4e1382326932d8f93",0.440678,FALSE,FALSE,0.192307692307692,0
"990",1346,"55b85ddae13823bd29ba8724",0.4642857,FALSE,FALSE,0.103448275862069,0
"991",1353,"54b4326de138239d86850363",0.5578947,FALSE,FALSE,0.0540540540540541,0
"992",1357,"5682ab36cf58f13bc8eceb10",0.5271318,FALSE,FALSE,0.195121951219512,0
"993",1360,"55cd34bfcf58f1b3b25e23c9",0.5304348,FALSE,FALSE,0.2,0
"995",1367,"56c127a3cf58f15c72c8fa1d",0.4177215,FALSE,FALSE,0.136363636363636,0
"1000",1379,"55c32f9fcf58f1a8110b8e62",0.3984962,FALSE,FALSE,0.217391304347826,0
"1001",1380,"57bed210cf58f138ee2e2402",0.546875,FALSE,FALSE,0.217391304347826,0
"1006",1391,"557b9a96e138239225f864c5",0.4672897,FALSE,FALSE,0.204081632653061,0
"1007",1393,"577812bfcf58f10e0a9a7d5e",0.6222222,FALSE,FALSE,0.233333333333333,0
"1025",1437,"54b43262e138239d8684e657",0.5045872,FALSE,FALSE,0.176470588235294,0
"1026",1438,"54c92f74e13823b607fd4076",0.4516129,FALSE,FALSE,0.257142857142857,0
"1030",1454,"5723b89ecf58f180269b7afa",0.4576271,FALSE,FALSE,0.268292682926829,0
"1031",1457,"54b6c453e138230a74d1567f",0.4935065,FALSE,FALSE,0.244897959183674,0
"1043",1510,"574f8af1cf58f136694b57fe",1,TRUE,TRUE,1,1
"1046",1535,"578e985dcf58f1724fd9e458",0.5,FALSE,FALSE,0.103448275862069,0
"1052",1548,"55af2d43e13823763a831061",0.4722222,FALSE,FALSE,0.145833333333333,0
"1054",1550,"54b4324de138239d8684aac7",0.4,FALSE,FALSE,0.183673469387755,0
"1058",1570,"55916d59e13823109f3ef59b",0.7,FALSE,FALSE,0.147540983606557,0
"1062",1591,"57bed210cf58f138ee2e2402",0.6666667,FALSE,FALSE,0.217391304347826,0
"1063",1595,"558c1f5ce13823109f3ed704",0.55,FALSE,FALSE,0.05,0
"1070",1609,"54b43268e138239d8684f62a",0.4938272,FALSE,FALSE,0.189189189189189,0
"1075",1619,"57883923cf58f1170d0fa211",0.5384615,FALSE,FALSE,0.297297297297297,0
"1078",1622,"55b7c1b1e13823bd29ba836b",0.556391,FALSE,FALSE,0.196078431372549,0
"1079",1623,"577812bfcf58f10e0a9a7d5e",0.4705882,FALSE,FALSE,0.195121951219512,0
"1081",1632,"57496649cf58f19020cb776f",0.5540541,FALSE,FALSE,0.147058823529412,0
"1086",1640,"54b4326ce138239d8685017c",0.5225225,FALSE,FALSE,0.378378378378378,0
"1090",1652,"559f1a78e138234d98ad9f6d",0.4545455,FALSE,FALSE,0.260869565217391,0
"1091",1656,"54b4324ce138239d8684a9cc",0.4405594,FALSE,FALSE,0.231884057971015,0
"1093",1660,"55770b8ae138234790a014f5",0.4950495,FALSE,FALSE,0.173913043478261,0
"1094",1662,"54b4327ee138239d868534aa",0.4753086,FALSE,FALSE,0.202898550724638,0
"1096",1666,"55770b8ae138234790a014f5",0.4732143,FALSE,FALSE,0.173913043478261,0
"1098",1670,"56ec15a3cf58f16e67b9a895",0.4074074,FALSE,FALSE,0.188405797101449,0
"1103",1680,"56e3806ecf58f17d01ce2ba5",0.6904762,FALSE,FALSE,0.0983606557377049,0
"1104",1681,"54b43244e138239d868493ad",0.4845361,FALSE,FALSE,0.102040816326531,0
"1114",1700,"56a100a4cf58f187a4257357",0.4883721,FALSE,FALSE,0.206896551724138,0
"1115",1706,"55b367bbe138231cbdd6d19b",0.4782609,FALSE,FALSE,0.130434782608696,0
"1117",1711,"55b2db45e138231cbdd6ceb6",0.5192308,FALSE,FALSE,0.130434782608696,0
"1122",1730,"570fc9cbcf58f10b3e373cbb",0.4957983,FALSE,FALSE,0.155555555555556,0
"1125",1737,"55ada83ae13823763a830679",0.4516129,FALSE,FALSE,0.144927536231884,0
"1128",1745,"54b43278e138239d8685233d",0.4724409,FALSE,FALSE,0.231884057971015,0
"1129",1747,"5723b89ecf58f180269b7afa",0.5675676,FALSE,FALSE,0.231884057971015,0
"1131",1751,"55b75279e13823bd29ba80e3",0.5802469,FALSE,FALSE,0.126984126984127,0
"1137",1775,"56a64f0ccf58f1944252db66",0.4732143,FALSE,FALSE,0.207547169811321,0
"1141",1782,"5786b0b2cf58f13d7fc9ee18",0.5588235,FALSE,FALSE,0.05,0
"1144",1799,"57a3781dcf58f19d245af0d1",0.5168539,FALSE,FALSE,0.268292682926829,0
"1145",1800,"574321fdcf58f1160f108fa9",0.4615385,FALSE,FALSE,0.268292682926829,0
"1149",1808,"57130e34cf58f179363498fa",0.5882353,FALSE,FALSE,0.32258064516129,0
"1156",1826,"54f98c2de138239936c6c84b",0.4487179,FALSE,FALSE,0.173913043478261,0
"1160",1833,"55b8e056e13823bd29ba8a9d",0.5555556,FALSE,FALSE,0.0666666666666667,0
"1162",1842,"5775607fcf58f106fac2ddde",0.5,FALSE,FALSE,0.152173913043478,0
"1164",1848,"54bdd3efe138233c8bc4f7d4",0.4871795,FALSE,FALSE,0.166666666666667,0
"1165",1849,"577738c2cf58f18dabe712cc",0.5384615,FALSE,FALSE,0.152173913043478,0
"1170",1869,"56c19042cf58f15c72c901ed",0.5652174,FALSE,FALSE,0.1,0
"1173",1874,"57bebe29cf58f1328a4aeb06",0.5625,FALSE,FALSE,0.283333333333333,0
"1176",1893,"56b96961cf58f14c238d4aed",0.5806452,FALSE,FALSE,0.159420289855073,0
"1178",1907,"5791c353cf58f1a13a1a5d0b",0.5769231,FALSE,FALSE,0.246376811594203,0
"1179",1909,"550427e9e1382326932d84ba",0.5111111,FALSE,FALSE,0.153846153846154,0
"1184",1934,"57a227cccf58f13ac4eb32c8",0.5233645,FALSE,FALSE,0.26,0
"1186",1944,"57bed210cf58f138ee2e2402",0.5581395,FALSE,FALSE,0.209302325581395,0
"1187",1945,"55b37160e138231cbdd6d1d5",0.4320988,FALSE,FALSE,0.142857142857143,0
"1188",1946,"56d9a1c7cf58f18b6d455f1d",0.53,FALSE,FALSE,0.142857142857143,0
"1189",1949,"54b4325ce138239d8684d4d7",0.5,FALSE,FALSE,0.105263157894737,0
"1198",1960,"5778613fcf58f124c26e2638",0.4788732,FALSE,FALSE,0.157894736842105,0
"1201",1965,"558fdaebe13823109f3eec33",0.5833333,FALSE,FALSE,0.105263157894737,0
"1206",1976,"575cabe4cf58f1829c42482d",0.5714286,FALSE,FALSE,0.0869565217391305,0
"1212",1999,"54fc9dafe138239936c6dd16",0.4576271,FALSE,FALSE,0.188405797101449,0
"1218",2018,"54b43266e138239d8684f14d",0.4888889,FALSE,FALSE,0.163934426229508,0
"1225",2052,"57786980cf58f1272178d7df",0.62,FALSE,FALSE,0.258426966292135,0
"1229",2067,"57bed210cf58f138ee2e2402",0.6415094,FALSE,FALSE,0.209302325581395,0
"1231",2069,"574eb809cf58f1aa1c4803fe",0.5348837,FALSE,FALSE,0.228571428571429,0
"1233",2073,"574eb809cf58f1aa1c4803fe",0.5274725,FALSE,FALSE,0.363636363636364,0
"1235",2079,"55b2d9dde138231cbdd6ceaf",0.5263158,FALSE,FALSE,0.111111111111111,0
"1241",2105,"57167d1acf58f1232f1f6ed2",0.5217391,FALSE,FALSE,0.130434782608696,0
"1253",2143,"54b4325ce138239d8684d60e",0.3978495,FALSE,FALSE,0.12,0
"1254",2144,"559eef42e138234d98ad9e9b",0.4871795,FALSE,FALSE,0.291666666666667,0
"1260",2161,"55b3e327e138231cbdd6d456",0.5069444,FALSE,FALSE,0.159420289855073,0
"1263",2165,"54b43247e138239d86849c2e",0.4594595,TRUE,FALSE,0.231884057971015,0
"1268",2184,"55768ff1e138234790a012f8",0.5578947,FALSE,FALSE,0.180327868852459,0
"1273",2211,"559ee882e138234d98ad9e79",0.4862385,FALSE,FALSE,0.541666666666667,0
"1281",2231,"54b43251e138239d8684b722",0.55,FALSE,FALSE,0.130434782608696,0
"1282",2234,"54b43251e138239d8684b699",0.5111111,FALSE,FALSE,0.210526315789474,0
"1283",2236,"54b43244e138239d8684923e",0.4615385,FALSE,FALSE,0.326530612244898,0
"1284",2237,"56e337b7cf58f1641e9a71ed",0.3979058,FALSE,FALSE,0.2,0
"1294",2260,"572553eecf58f15756afb264",0.5614035,FALSE,FALSE,0.407407407407407,0
"1297",2264,"56aaf998cf58f19442533494",0.5428571,FALSE,FALSE,0.222222222222222,0
"1302",2271,"57774a55cf58f1927d1f90d5",1,TRUE,TRUE,0.921052631578947,1
"1327",2344,"5722572bcf58f1a62e17656c",0.5555556,FALSE,FALSE,0.230769230769231,0
"1330",2348,"57bed210cf58f138ee2e2402",0.5483871,FALSE,FALSE,0.209302325581395,0
"1331",2351,"55a6966ee13823757cc6fa9e",0.5072464,FALSE,FALSE,0.2,0
"1334",2354,"570d9203cf58f1bfaaab72d2",0.4938272,FALSE,FALSE,0.3,0
"1335",2355,"570d9203cf58f1bfaaab72d2",0.5512821,FALSE,FALSE,0.3,0
"1341",2368,"54b43262e138239d8684e605",0.469697,FALSE,FALSE,0.323529411764706,0
"1354",2436,"57bec8b2cf58f135fb7a7a61",0.5357143,FALSE,FALSE,0.325581395348837,0
"1357",2453,"54b43269e138239d8684f83b",0.5581395,FALSE,FALSE,0.157142857142857,0
"1361",2480,"57bec8b2cf58f135fb7a7a61",0.6041667,FALSE,FALSE,0.186046511627907,0
"1362",2482,"574fbb07cf58f1474933c7a4",0.53125,FALSE,FALSE,0.341463414634146,0
"1374",2523,"55b32a4ee138231cbdd6d062",0.5301205,FALSE,FALSE,0.2,0
"1376",2526,"54b43245e138239d86849568",0.5970149,FALSE,FALSE,0.102040816326531,0
"1384",2548,"54b43267e138239d8684f46e",0.9876543,TRUE,TRUE,1,1
"1385",2561,"56b0dbf9cf58f14c238d1744",0.5373134,FALSE,FALSE,0.25,0
"1386",2564,"54b4326ee138239d868506ea",0.55,FALSE,FALSE,0.302631578947368,0
"1391",2575,"576cbe70cf58f11e37385c5c",0.6734694,FALSE,FALSE,0.171052631578947,0
"1394",2582,"558fe3a5e13823109f3eec65",0.5454545,FALSE,FALSE,0.133333333333333,0
"1399",2591,"570d91a8cf58f1bf3bc85bf7",0.4931507,FALSE,FALSE,0.4,0
"1402",2598,"54b4326de138239d86850593",0.4831461,FALSE,FALSE,0.214285714285714,0
"1408",2607,"57499b05cf58f19eefea929c",0.5636364,FALSE,FALSE,0.352941176470588,0
"1417",2634,"55b35eace138231cbdd6d170",0.575,FALSE,FALSE,0.183333333333333,0
"1427",2665,"56a97ef8cf58f194425318a4",0.5,FALSE,FALSE,0.19047619047619,0
"1428",2668,"56a0d1a4cf58f1079fd4c597",0.474359,FALSE,FALSE,0.08,0
"1431",2672,"54b43262e138239d8684e666",0.4545455,FALSE,FALSE,0.22,0
"1432",2673,"56bd4ffccf58f15c72c8ae4f",0.6774194,FALSE,FALSE,0.234375,0
"1433",2677,"55b3ae43e138231cbdd6d32b",0.56,FALSE,FALSE,0.16,0
"1436",2690,"5718da1ecf58f1221c737fe1",0.5172414,FALSE,FALSE,0.326923076923077,0
"1437",2692,"558ba42be13823109f3ed46d",0.4939759,FALSE,FALSE,0.130434782608696,0
"1438",2695,"577812bfcf58f10e0a9a7d5e",1,TRUE,TRUE,0.444444444444444,1
"1444",2707,"56b53939cf58f14c238d3256",0.527027,FALSE,FALSE,0.2,0
"1448",2713,"55b305cbe138231cbdd6cf9a",0.483871,FALSE,FALSE,0.130434782608696,0
"1453",2730,"55b36e96e138231cbdd6d1c5",0.4571429,FALSE,FALSE,0.18,0
"1459",2748,"55b4f60ce1382314227cf972",0.5365854,FALSE,FALSE,0.129032258064516,0
"1463",2755,"54b6951ce138230a74d155bb",0.5625,FALSE,FALSE,0.3,0
"1466",2761,"5693c926cf58f1377d59814c",0.3819444,FALSE,FALSE,0.32258064516129,0
"1467",2766,"54b4325de138239d8684d924",0.6190476,FALSE,FALSE,0.12,0
"1469",2769,"54ea4785e138237cc915157e",0.5681818,FALSE,FALSE,0.238095238095238,0
"1474",2800,"5723b89ecf58f180269b7afa",0.6346154,FALSE,FALSE,0.390243902439024,0
"1482",2824,"54b43260e138239d8684e0c7",0.5147059,FALSE,FALSE,0.1,0
"1483",2838,"5520acc6e138236e51a9a4c9",0.58,FALSE,FALSE,0.166666666666667,0
"1489",2878,"55b785fee13823bd29ba822e",1,TRUE,TRUE,1,1
"1491",2897,"55b2db69e138231cbdd6ceb7",0.504,FALSE,FALSE,0.2,0
"1493",2902,"5580062ee13823bc80ba2978",0.4927536,FALSE,FALSE,0.136363636363636,0
"1496",2909,"54b4325ce138239d8684d64d",0.4569536,FALSE,FALSE,0.12,0
"1497",2910,"559fe627e138234d98ada2b2",0.5636364,FALSE,FALSE,0.238095238095238,0
"1498",2911,"571a9c77cf58f1b47bab781f",0.5172414,FALSE,FALSE,0.14,0
"1501",2928,"55b3b658e138231cbdd6d357",0.4883721,FALSE,FALSE,0.148936170212766,0
"1502",2930,"56da0b70cf58f1ab41e4c8d6",0.5888889,FALSE,FALSE,0.2,0
"1505",2943,"55b3e405e138231cbdd6d45c",0.4339623,FALSE,FALSE,0.259259259259259,0
"1517",2995,"5746ff0ecf58f1995f41c876",0.6352941,FALSE,FALSE,0.382352941176471,0
"1522",3008,"56c15b16cf58f15c72c8fdf6",0.6101695,FALSE,FALSE,0.12,0
"1525",3014,"55b3e6cee138231cbdd6d46e",0.6166667,FALSE,FALSE,0.136363636363636,0
"1529",3037,"56be0019cf58f15c72c8bbfd",0.4504505,FALSE,FALSE,0.155555555555556,0
"1530",3041,"55b311b1e138231cbdd6cfdf",0.4918033,FALSE,FALSE,0.177777777777778,0
"1534",3060,"558c72f8e13823109f3ed8a0",1,TRUE,TRUE,0.782608695652174,1
"1541",3078,"57ab417dcf58f1abfd3435f3",0.5714286,FALSE,FALSE,0.0980392156862745,0
"1545",3091,"558cf9f5e13823109f3edb9a",0.4361702,FALSE,FALSE,0.2,0
"1547",3096,"54b4327de138239d8685300a",0.4656489,FALSE,FALSE,0.161290322580645,0
"1548",3102,"550602f4e1382326932d8f93",0.4227642,FALSE,FALSE,0.217391304347826,0
"1554",3119,"56da0b70cf58f1ab41e4c8d6",0.5066667,FALSE,FALSE,0.2,0
"1558",3132,"5776b584cf58f167a68994e3",0.5510204,FALSE,FALSE,0.22,0
"1559",3133,"56de36d4cf58f176ed757941",0.4098361,FALSE,FALSE,0.193548387096774,0
"1564",3157,"54b4325fe138239d8684de11",0.4705882,FALSE,FALSE,0.16,0
"1565",3159,"54b43246e138239d868498ac",0.5066667,FALSE,FALSE,0.183673469387755,0
"1570",3169,"577598becf58f116e6e90b28",0.537037,FALSE,FALSE,0.26530612244898,0
"1572",3172,"5786aac3cf58f13d7fc9e073",0.64,FALSE,FALSE,0.244897959183674,0
"1574",3175,"54b43245e138239d8684955d",0.5377358,FALSE,FALSE,0.2,0
"1575",3176,"571ce0efcf58f1b528730fbe",0.5866667,FALSE,FALSE,0.16,0
"1576",3177,"54b43262e138239d8684e657",0.5443038,FALSE,FALSE,0.12,0
"1577",3180,"574a0cb3cf58f1bff0f06175",0.5288462,FALSE,FALSE,0.235294117647059,0
"1580",3185,"5777fa21cf58f106eaa7503d",0.5319149,FALSE,FALSE,0.236842105263158,0
"1584",3198,"54b4326ee138239d86850605",0.5882353,FALSE,FALSE,0.081081081081081,0
"1592",3224,"55b6d82ee13823bd29ba7dd5",0.5285714,FALSE,FALSE,0.136363636363636,0
"1593",3225,"561500eecf58f10d5975aac8",0.4509804,FALSE,FALSE,0.0869565217391305,0
"1595",3233,"55b3e6cee138231cbdd6d46e",0.5833333,FALSE,FALSE,0.136363636363636,0
"1602",3251,"55b3e348e138231cbdd6d457",0.5230769,FALSE,FALSE,0.217391304347826,0
"1603",3257,"5580062ee13823bc80ba2978",0.515625,FALSE,FALSE,0.217391304347826,0
"1606",3278,"559093f4e13823109f3ef0af",0.4528302,FALSE,FALSE,0.127659574468085,0
"1609",3282,"56e3806ecf58f17d01ce2ba5",0.6190476,FALSE,FALSE,0.170212765957447,0
"1610",3283,"55b3c3d9e138231cbdd6d3ab",0.5,FALSE,FALSE,0.181818181818182,0
"1611",3285,"558ce14be13823109f3edb12",0.5818182,FALSE,FALSE,0.195652173913043,0
"1615",3305,"57490181cf58f17367f91c8e",0.8860759,TRUE,FALSE,0.25,0
"1619",3318,"578ae7e1cf58f138620a840a",0.6388889,FALSE,FALSE,0.2,0
"1620",3319,"55a7722ae13823757cc70002",0.4220779,FALSE,FALSE,0.260869565217391,0
"1627",3335,"5725fb7fcf58f19049aa0f4c",0.4464286,FALSE,FALSE,0.24,0
"1629",3348,"56f3d92acf58f11cd3fd57c3",0.4337349,FALSE,FALSE,0.28,0
"1631",3359,"54fd1af3e138239936c6e08e",0.63,FALSE,FALSE,0.266666666666667,0
"1635",3379,"559c6c9ae138230816dad398",0.6818182,FALSE,FALSE,0.145454545454546,0
"1636",3381,"55f28006cf58f16256a21745",0.4594595,FALSE,FALSE,0.272727272727273,0
"1637",3383,"54b43245e138239d86849504",1,TRUE,TRUE,0.938775510204082,1
"1642",3406,"573a6163cf58f19b2942671f",0.4893617,FALSE,FALSE,0.555555555555556,0
"1646",3418,"55b82a0ce13823bd29ba85dc",0.5454545,FALSE,FALSE,0.185185185185185,0
"1650",3432,"54b4325be138239d8684d36b",0.4453782,FALSE,FALSE,0.121951219512195,0
"1656",3446,"56b96ed8cf58f14c238d4b0c",0.4285714,FALSE,FALSE,0.148148148148148,0
"1657",3451,"54b4326de138239d8685039b",0.4473684,FALSE,FALSE,0.189189189189189,0
"1659",3476,"54b4327ee138239d868534aa",0.4862385,FALSE,FALSE,0.202898550724638,0
"1664",3489,"57d4a21acf58f154519ef17d",1,FALSE,FALSE,0.0769230769230769,0
"1668",3497,"54b4325ce138239d8684d4a0",0.4311377,TRUE,FALSE,0.16,0
"1671",3510,"55b31987e138231cbdd6d008",0.5333333,FALSE,FALSE,0.117117117117117,0
"1677",3536,"57bed210cf58f138ee2e2402",0.6153846,FALSE,FALSE,0.217391304347826,0
"1680",3540,"54b43289e138239d8685531b",0.5675676,FALSE,FALSE,0.15,0
"1681",3543,"574f550dcf58f12316a910fa",0.6697248,FALSE,FALSE,0.236363636363636,0
"1688",3558,"57dcd867cf58f149f6682b20",0.6478873,FALSE,FALSE,0.26,0
"1693",3565,"55b3e405e138231cbdd6d45c",0.5945946,FALSE,FALSE,0.194444444444444,0
"1694",3566,"55b3e405e138231cbdd6d45c",0.5405405,FALSE,FALSE,0.1,0
"1701",3596,"558b9cf4e13823109f3ed43f",0.5268817,FALSE,FALSE,0.166666666666667,0
"1704",3605,"54b4325de138239d8684d970",0.3511905,FALSE,FALSE,0.136363636363636,0
"1714",3627,"578eeb90cf58f1896bea3b77",1,TRUE,TRUE,0.921052631578947,1
"1718",3636,"571d09bbcf58f10516c5ff68",0.5416667,FALSE,FALSE,0.25,0
"1719",3637,"559e7cf2e138230816dadc62",0.5357143,FALSE,FALSE,0.1875,0
"1723",3659,"54b43243e138239d86849128",0.6,TRUE,FALSE,0.326530612244898,0
"1725",3663,"5783bda8cf58f176c768f935",0.359375,FALSE,FALSE,0.081081081081081,0
"1727",3669,"57bebe29cf58f1328a4aeb06",0.5230769,FALSE,FALSE,0.186046511627907,0
"1729",3676,"54b4325ce138239d8684d509",0.4782609,FALSE,FALSE,0.0579710144927537,0
"1730",3684,"558f47c3e13823109f3ee897",0.4659091,FALSE,FALSE,0.217391304347826,0
"1732",3694,"56a6a5b3cf58f1944252e201",0.6410256,FALSE,FALSE,0.173913043478261,0
"1733",3700,"574d7f20cf58f139ed165d7c",0.5125,FALSE,FALSE,0.41304347826087,0
"1742",3725,"5725bc37cf58f17abd2d07dd",0.5074627,FALSE,FALSE,0.2,0
"1743",3728,"54b43266e138239d8684efd0",0.4935065,FALSE,FALSE,0.130434782608696,0
"1744",3731,"57255b03cf58f159a73a480a",0.5166667,FALSE,FALSE,0.2,0
"1745",3741,"56a31b60cf58f19442529f2b",0.5,FALSE,FALSE,0.205882352941177,0
"1751",3757,"56bd34f0cf58f15c72c8ac47",0.5614035,TRUE,FALSE,0.279069767441861,0
"1753",3764,"578d4b89cf58f11552ebd542",1,TRUE,TRUE,0.921052631578947,1
"1755",3773,"559efb06e138234d98ad9ed8",0.5820896,FALSE,FALSE,0.166666666666667,0
"1772",3815,"54b43275e138239d86851a89",0.48,FALSE,FALSE,0.15,0
"1791",3835,"557c167ee138239225f866c9",0.4946237,FALSE,FALSE,0.130434782608696,0
"1799",3845,"55b68d66e138238e2d05482f",0.5393258,FALSE,FALSE,0.183333333333333,0
"1801",3849,"55b8524ae13823bd29ba86db",0.5967742,FALSE,FALSE,0.107142857142857,0
"1804",3859,"55b3b3b7e138231cbdd6d349",0.578125,FALSE,FALSE,0.130434782608696,0
"1814",3875,"54b43270e138239d86850dfa",0.5277778,FALSE,FALSE,0.26,0
"1815",3876,"558f1185e13823109f3ee763",0.6,FALSE,FALSE,0.217391304347826,0
"1871",3941,"54b4325ae138239d8684d04e",0.4810127,FALSE,FALSE,0.424242424242424,0
"1894",3965,"55b35ac5e138231cbdd6d161",1,TRUE,TRUE,0.782608695652174,1
"1900",3972,"54b43250e138239d8684b309",0.5633803,FALSE,FALSE,0.260869565217391,0
"1915",3989,"572d78b1cf58f16af18a7512",0.4823529,FALSE,FALSE,0.205882352941177,0
"1969",4045,"54b43246e138239d8684986f",0.4539007,FALSE,FALSE,0.183673469387755,0
"1999",4079,"56bfd4c0cf58f15c72c8e061",0.5454545,FALSE,FALSE,0.451612903225806,0
"2021",4101,"54b4326ee138239d868507d6",1,TRUE,TRUE,1,1
"2053",4133,"55b3f904e138231cbdd6d4db",0.5362319,FALSE,FALSE,0.166666666666667,0
"2067",4148,"57498bcccf58f19aa88daf82",1,TRUE,TRUE,1,1
"2070",4152,"56c127a3cf58f15c72c8fa1d",0.3933333,FALSE,TRUE,0.217391304347826,0
"2075",4157,"55b2c669e138231cbdd6ce4b",0.7596899,TRUE,TRUE,0.782608695652174,1
"2076",4158,"54b4325de138239d8684d71e",0.6393443,FALSE,FALSE,0.12,0
"2090",4173,"55cd3624cf58f1b3b25e23d3",0.4277778,FALSE,FALSE,0.185185185185185,0
"2092",4175,"557bf01fe138239225f86627",0.4361702,FALSE,FALSE,0.116883116883117,0
"2097",4180,"571b128ecf58f11fced7006e",0.4111111,FALSE,FALSE,0.304347826086957,0
"2119",4205,"574d3ea9cf58f128da497acd",0.85,TRUE,FALSE,0.276923076923077,0
"2120",4206,"574f3ffecf58f11b8c767ad8",1,TRUE,TRUE,1,1
"2129",4217,"57509501cf58f1978ab3a885",0.5625,FALSE,FALSE,0.111587982832618,0
"2130",4218,"54f004c2e138237cc9152d42",0.4181818,FALSE,FALSE,0.15450643776824,0
"2156",4250,"54b4324ee138239d8684ad91",0.4065934,FALSE,FALSE,0.144927536231884,0
"2168",4262,"54b43251e138239d8684b54d",0.5213675,FALSE,FALSE,0.137931034482759,0
"2183",4284,"54b4325ee138239d8684daa5",1,TRUE,TRUE,1,1
"2205",4319,"55a07671e1382381ff3644f2",0.4134615,FALSE,FALSE,0.1875,0
"2207",4323,"56b5fb56cf58f14c238d36c7",0.4705882,FALSE,FALSE,0.133333333333333,0
"2211",4333,"55b3ba23e138231cbdd6d36e",0.5942029,FALSE,FALSE,0.166666666666667,0
"2214",4338,"54b8d135e138230a74d15f03",0.4285714,FALSE,FALSE,0.214285714285714,0
"2215",4340,"57511bc6cf58f10bf2d69add",0.5964912,FALSE,FALSE,0.185185185185185,0
"2232",4361,"570d9d98cf58f104e774f9c5",0.4482759,FALSE,FALSE,0.3,0
"2244",4375,"54b43262e138239d8684e64d",0.5229358,TRUE,FALSE,0.175438596491228,0
"2246",4377,"55b32442e138231cbdd6d042",0.5079365,FALSE,FALSE,0.222222222222222,0
"2248",4379,"56e2ce68cf58f1211c899203",0.5061728,FALSE,FALSE,0.194029850746269,0
"2251",4382,"5590d780e13823109f3ef262",0.4827586,FALSE,FALSE,0.0562248995983936,0
"2252",4383,"5715ac81cf58f199aeda772a",0.440678,FALSE,FALSE,0.22,0
"2255",4386,"55f9ccc8cf58f110b882fbba",0.3846154,FALSE,FALSE,0.347826086956522,0
"2264",4396,"5756780ecf58f186119dc860",0.4583333,FALSE,FALSE,0.0869565217391305,0
"2265",4397,"54b43262e138239d8684e658",0.3739837,FALSE,FALSE,0.175438596491228,0
"2268",4400,"54b43262e138239d8684e658",0.4554455,FALSE,FALSE,0.159090909090909,0
"2275",4407,"54b43262e138239d8684e66b",0.5125,FALSE,FALSE,0.136363636363636,0
"2282",4414,"54b6951ce138230a74d155bb",0.5853659,FALSE,FALSE,0.15,0
"2283",4415,"55b6c679e13823bd29ba7d65",0.483871,FALSE,FALSE,0.0769230769230769,0
"2284",4416,"54b4325fe138239d8684dde4",0.5319149,FALSE,FALSE,0,0
"2289",4421,"54b4325de138239d8684d85f",0.4936709,FALSE,FALSE,0.0833333333333334,0
"2291",4423,"54b43252e138239d8684baa0",1,TRUE,TRUE,1,1
"2302",4469,"56b1304fcf58f14c238d192c",0.5727273,FALSE,FALSE,0.205128205128205,0
"2308",4493,"555037e8e13823930176f9b7",0.462963,FALSE,FALSE,0,0
"2320",4597,"54b7b333e138230a74d15a59",1,TRUE,TRUE,0.904761904761905,1
"2379",4809,"56a399bccf58f1944252a8ab",0.5967742,FALSE,FALSE,0.352941176470588,0
"2406",4924,"54b43259e138239d8684cd51",0.5833333,FALSE,FALSE,0.365853658536585,0
"2415",4958,"570d875fcf58f1bbfb2715aa",0.4673913,FALSE,FALSE,0.4,0
"2418",4966,"55a02481e138234d98ada3ec",0.4925373,FALSE,FALSE,0.25,0
"2420",4968,"56b85b94cf58f11495cd5451",0.4769231,FALSE,FALSE,0.17741935483871,0
"2422",4972,"55826723e1382390b43c935a",0.4152542,FALSE,FALSE,0.459459459459459,0
"2430",4981,"55b38130e138231cbdd6d22c",0.4736842,FALSE,FALSE,0.166666666666667,0
"2431",4982,"54e9804be138237cc9151228",0.4736842,FALSE,FALSE,0.0952380952380952,0
"2433",4984,"54b43275e138239d86851af1",0.4310345,FALSE,FALSE,0.15,0
"2434",4985,"570d4077cf58f1a2996bf6c3",0.4417178,FALSE,FALSE,0.073170731707317,0
"2435",4986,"56e88bcfcf58f1b694717202",0.3537415,FALSE,FALSE,0.04,0
"2437",4988,"57a4eb96cf58f145c2a9dce4",0.4516129,FALSE,FALSE,0,0
"2441",4992,"5748265fcf58f13502eeb09e",0.4953271,FALSE,FALSE,0.0588235294117647,0
"2442",4993,"54b4326de138239d86850351",0.4919355,FALSE,FALSE,0.0540540540540541,0
"2443",4994,"54b43269e138239d8684f840",0.48,FALSE,FALSE,0.161290322580645,0
"2445",4996,"5705235dcf58f195d22ffe71",0.5121951,FALSE,FALSE,0.210526315789474,0
"2447",4998,"54b43269e138239d8684f840",0.52,FALSE,FALSE,0.255813953488372,0
"2451",5003,"56b6089fcf58f14c238d3712",0.6,FALSE,FALSE,0.125,0
"2454",5006,"5682cd41cf58f1479a0ab62b",0.4148936,FALSE,FALSE,0.160714285714286,0
"2457",5010,"55b2c274e138231cbdd6ce36",0.4888889,FALSE,FALSE,0.291666666666667,0
"2458",5011,"54e995e3e138237cc915128b",0.5625,FALSE,FALSE,0.196428571428571,0
"2463",5016,"54e93ecae138237cc9151112",0.557377,FALSE,FALSE,0.238095238095238,0
"2465",5018,"56e4999acf58f11ef4e7c8a4",0.4691358,FALSE,FALSE,0.2,0
"2477",5034,"54b43269e138239d8684f840",0.52,FALSE,FALSE,0.22,0
"2479",5036,"570daebecf58f10acfb65535",0.5166667,FALSE,FALSE,0.075,0
"2485",5042,"54e935d1e138237cc91510f8",0.4204545,FALSE,FALSE,0.195652173913043,0
"2486",5045,"56eaa930cf58f1afd82f3839",0.4666667,FALSE,FALSE,0.25,0
"2487",5046,"54fc3aa0e138239936c6da46",0.5,FALSE,FALSE,0.228571428571429,0
"2493",5052,"570d8f3bcf58f1be6b763308",0.5689655,FALSE,FALSE,0.2,0
"2502",5068,"570dae00cf58f10acfb65520",0.6226415,FALSE,FALSE,0.225,0
"2507",5077,"54b43250e138239d8684b491",0.5714286,FALSE,FALSE,0.155555555555556,0
"2511",5083,"54e17766e138238a47f97864",0.5952381,FALSE,FALSE,0.133333333333333,0
"2515",5087,"54b79ad4e138230a74d159fd",0.5740741,FALSE,FALSE,0.254237288135593,0
"2520",5098,"559eff42e138234d98ad9eee",0.4827586,FALSE,FALSE,0.466666666666667,0
"2521",5099,"55b82c29e13823bd29ba85eb",0.4571429,FALSE,FALSE,0.16,0
"2522",5101,"578be29acf58f179b0643435",0.5064935,FALSE,FALSE,0.307692307692308,0
"2523",5102,"56842d4fcf58f18e717349b1",0.5172414,FALSE,FALSE,0.52,0
"2527",5110,"570d8c92cf58f1bd961f7ab7",0.4677419,FALSE,FALSE,0.4,0
"2528",5111,"571b0950cf58f11c850f1629",0.4025974,FALSE,FALSE,0.304347826086957,0
"2531",5119,"56b62d75cf58f14c238d37ed",0.5,FALSE,FALSE,0.12,0
"2533",5121,"54e8fa69e138237cc9151003",0.6170213,FALSE,FALSE,0.28,0
"2536",5124,"56e21af5cf58f1a1dcf03ba1",0.5952381,FALSE,FALSE,0.24,0
"2541",5132,"55b7eacde13823bd29ba8454",0.5576923,FALSE,FALSE,0.108433734939759,0
"2546",5137,"56fde435cf58f1b356fcb038",0.5636364,FALSE,FALSE,0.178571428571429,0
"2548",5139,"55b030ebe138238f9de48577",0.3732057,FALSE,FALSE,0.136363636363636,0
"2550",5142,"578be29acf58f179b0643435",0.5076923,FALSE,FALSE,0.307692307692308,0
"2554",5147,"57156b98cf58f1832236ef79",0.4032258,FALSE,FALSE,0.297297297297297,0
"2556",5149,"5728aa62cf58f102a3cbf6df",0.4444444,FALSE,FALSE,0.216216216216216,0
"2559",5152,"572d3e22cf58f1560fe6df01",0.453125,FALSE,FALSE,0.243243243243243,0
"2560",5153,"56392064cf58f158e1d7a6c9",0.3859649,FALSE,FALSE,0.135135135135135,0
"2561",5154,"5788114acf58f109d2baa7a9",0.375,FALSE,FALSE,0.27027027027027,0
"2571",5166,"54b43269e138239d8684f993",0.44,FALSE,FALSE,0.216216216216216,0
"2572",5167,"571b1173cf58f11f68e22b2c",0.5733333,FALSE,FALSE,0.24,0
"2573",5168,"5729787ccf58f15b6c26532d",0.5106383,FALSE,FALSE,0.160493827160494,0
"2575",5170,"574f7005cf58f12cd07f415c",0.4948454,FALSE,FALSE,0.225,0
"2576",5171,"55b47f26e1382314227cf5bf",0.4827586,FALSE,FALSE,0.195652173913043,0
"2599",5198,"578a4f86cf58f1065fadf6a1",0.5031847,FALSE,FALSE,0.236111111111111,0
"2600",5199,"578a4f86cf58f1065fadf6a1",0.5194805,FALSE,FALSE,0.236111111111111,0
"2687",5354,"573a5b86cf58f19887b50e21",0.4615385,FALSE,FALSE,0.125,0
"2700",5392,"5776bc8ecf58f169bc18b3b7",0.7234043,FALSE,FALSE,0.289473684210526,0
"2705",5412,"55047f8fe1382326932d8731",0.483871,FALSE,FALSE,0.147058823529412,0
"2750",5566,"54b6951ce138230a74d155bb",0.5952381,FALSE,FALSE,0.35,0
"2766",5592,"54b4325de138239d8684d82f",0.9710145,TRUE,TRUE,1,1
"2814",5672,"54b75daee138230a74d158ee",0.5,FALSE,FALSE,0.26530612244898,0
"2817",5676,"574ebde3cf58f1ac1ef3c915",0.4388489,FALSE,FALSE,0.51219512195122,0
"2827",5692,"54b4326ae138239d8684fc11",0.6774194,FALSE,FALSE,0.186046511627907,0
"2830",5695,"56b10868cf58f14c238d1846",0.4210526,FALSE,FALSE,0.185567010309278,0
"2876",5804,"54be292be138233c8bc4fa04",0.6413043,FALSE,FALSE,0.24,0
"2877",5806,"54b43250e138239d8684b4b7",0.5591398,FALSE,FALSE,0.24,0
"2878",5808,"559a3a4ae1382390cc6417e9",0.5970149,FALSE,FALSE,0.294117647058823,0
"2879",5809,"54b43250e138239d8684b491",0.5148515,FALSE,FALSE,0.2,0
"2880",5811,"567cce9acf58f1b2eac1a47f",0.4596774,FALSE,FALSE,0.24,0
"2888",5822,"5723a4adcf58f1780adee730",0.5227273,FALSE,FALSE,0.24390243902439,0
"2890",5825,"54b43251e138239d8684b59a",0.4597701,FALSE,FALSE,0.12,0
"2892",5828,"54b4325fe138239d8684deb7",0.4431138,FALSE,FALSE,0.16,0
"2899",5835,"569ebf2ecf58f187a4256178",0.4642857,FALSE,FALSE,0.181818181818182,0
"2902",5839,"54b43251e138239d8684b5d3",0.4142857,FALSE,FALSE,0.225,0
"2903",5840,"559ef7abe138234d98ad9ec7",0.3658537,FALSE,FALSE,0.363636363636364,0
"2904",5841,"54b4325ce138239d8684d68c",0.3767123,FALSE,FALSE,0.222222222222222,0
"2905",5842,"54b43262e138239d8684e57a",0.3350785,FALSE,FALSE,0.185185185185185,0
"2907",5844,"54b43261e138239d8684e38f",0.5833333,FALSE,FALSE,0.303030303030303,0
"2910",5848,"54b43250e138239d8684b4c7",0.5846154,FALSE,FALSE,0.242424242424242,0
"2912",5850,"54b43252e138239d8684b82b",0.3932584,FALSE,FALSE,0.2,0
"2919",5863,"5720a835cf58f1af1adf99d6",0.4693878,FALSE,FALSE,0.215686274509804,0
"2921",5869,"57295552cf58f14dd1905053",0.4444444,FALSE,FALSE,0.211864406779661,0
"2923",5872,"57a41075cf58f108bafe43eb",0.4787234,FALSE,FALSE,0.274509803921569,0
"2924",5873,"571b1ee6cf58f1245d4f5170",0.4698795,FALSE,FALSE,0.0952380952380952,0
"2925",5874,"571b1173cf58f11f68e22b2c",0.6025641,FALSE,FALSE,0.169014084507042,0
"2926",5875,"54b43251e138239d8684b5ac",0.5978261,FALSE,FALSE,0.142857142857143,0
"2928",5878,"5715c29acf58f1a164fa3990",0.3939394,FALSE,FALSE,0.333333333333333,0
"2932",5882,"571b1ddacf58f123d7a218fd",0.41875,FALSE,FALSE,0.282608695652174,0
"2934",5884,"571b07f3cf58f11c1a6a1bc5",0.4647887,FALSE,FALSE,0.361111111111111,0
"2936",5888,"578a8691cf58f1186e2985de",0.4615385,FALSE,FALSE,0.28125,0
"2938",5890,"571b22afcf58f1257f81b4f9",0.4273504,FALSE,FALSE,0.428571428571429,0
"2945",5897,"54b43250e138239d8684b4bb",0.4845361,FALSE,FALSE,0.131578947368421,0
"2968",5970,"54b43251e138239d8684b78e",0.3448276,FALSE,FALSE,0.157894736842105,0
"2975",5981,"571f0f9ecf58f105989ff4d4",0.45,FALSE,FALSE,0.162162162162162,0
"2976",5982,"571ed63bcf58f1abe3137b44",0.3333333,FALSE,FALSE,0.140350877192982,0
"2990",6005,"54b4326ce138239d86850301",0.6315789,FALSE,FALSE,0.176470588235294,0
"2994",6018,"54b43261e138239d8684e415",0.5213675,FALSE,FALSE,0.12,0
"2995",6023,"54b4325ce138239d8684d54f",0.4939759,FALSE,FALSE,0.0579710144927537,0
"2996",6026,"57e07501cf58f118a2b14191",0.4307692,FALSE,FALSE,0.288888888888889,0
"3001",6033,"54ea134ce138237cc915149f",1,TRUE,TRUE,0.345454545454545,1
"3014",6049,"5716f7adcf58f1424ac89cf7",0.3344948,FALSE,FALSE,0.111111111111111,0
"3017",6052,"56ef93c0cf58f11ca60379f1",0.380117,FALSE,FALSE,0.207547169811321,0
"3046",6099,"574d7f20cf58f139ed165d7c",0.5544554,FALSE,FALSE,0.264705882352941,0
"3055",6111,"5681e4fdcf58f1ba274d4b08",0.5,FALSE,FALSE,0.130434782608696,0
"3059",6116,"54b4325fe138239d8684df18",0.98,TRUE,TRUE,1,1
"3073",6130,"56b97c7ccf58f14c238d4b5a",0.4942529,FALSE,FALSE,0.521739130434783,0
"3075",6132,"577bdd29cf58f15852172bb7",0.4605263,FALSE,FALSE,0.173913043478261,0
"3076",6133,"56b97c7ccf58f14c238d4b5a",0.4891304,FALSE,FALSE,0.521739130434783,0
"3077",6134,"57614922cf58f13b0f3b4227",0.5438596,FALSE,FALSE,0.12,0
"3081",6138,"56c1979fcf58f15c72c90261",1,TRUE,FALSE,0.222222222222222,1
"3083",6140,"54b43244e138239d8684939b",0.5344828,FALSE,FALSE,0.26530612244898,0
"3091",6148,"54b4325ce138239d8684d5c8",0.3684211,FALSE,FALSE,0.153846153846154,0
"3093",6151,"56c182bacf58f15c72c900f0",0.3814433,FALSE,FALSE,0.130434782608696,0
"3098",6156,"568d1adfcf58f14690d1c521",0.6086957,FALSE,FALSE,0.206896551724138,0
"3099",6157,"5682a904cf58f13bc8eceaf4",0.4861111,FALSE,FALSE,1,0
"3102",6160,"5681e6d3cf58f1ba274d4b21",1,TRUE,TRUE,1,1
"3112",6171,"5791332ecf58f16d99d5be3f",0.6857143,FALSE,FALSE,0.0975609756097561,0
"3129",6189,"54f4b181e13823054496a054",0.5304348,FALSE,FALSE,0.13013698630137,0
"3132",6192,"55b2e3d6e138231cbdd6cee3",0.5084746,FALSE,FALSE,0.166666666666667,0
"3138",6198,"54b43255e138239d8684c19b",0.409396,FALSE,FALSE,0.147058823529412,0
"3139",6199,"55042b03e1382326932d84d1",0.4583333,FALSE,FALSE,0.538461538461538,0
"3146",6207,"55b70d3de13823bd29ba7f0e",0.4347826,FALSE,FALSE,0.0634920634920635,0
"3158",6223,"54b4325be138239d8684d327",0.3902439,FALSE,FALSE,0.12,0
"3160",6225,"575c7856cf58f175bc1969b9",0.5306122,FALSE,FALSE,0.208333333333333,0
"3161",6226,"57dcd867cf58f149f6682b20",0.6760563,FALSE,FALSE,0.26,0
"3166",6232,"575caab6cf58f1825490d219",1,FALSE,FALSE,0.0869565217391305,0
"3170",6238,"562ada63cf58f10e5cb76275",0.5,FALSE,FALSE,0.195652173913043,0
"3174",6242,"54fbb59de138239936c6d6ae",0.5063291,FALSE,FALSE,0.18,0
"3176",6244,"54b4325ee138239d8684db7d",0.4333333,FALSE,FALSE,0.1,0
"3178",6246,"56a40b6dcf58f1944252b13f",0.3870968,FALSE,FALSE,0.28,0
"3195",6264,"54b43261e138239d8684e24f",0.487395,FALSE,FALSE,0.196078431372549,0
"3196",6265,"54b4326ee138239d8685066a",0.4587156,FALSE,FALSE,0.215686274509804,0
"3197",6266,"5726141acf58f19892a08f55",0.4767442,FALSE,FALSE,0.183333333333333,0
"3201",6270,"56edfbf6cf58f15666f9d7e3",0.4722222,FALSE,FALSE,0.166666666666667,0
"3204",6273,"54e87bc0e138237cc9150dff",0.6969697,FALSE,FALSE,0.261904761904762,0
"3205",6274,"56fe746ccf58f11ff44cfe7e",0.6470588,FALSE,FALSE,0.193548387096774,0
"3212",6284,"575caab6cf58f1825490d219",0.5384615,FALSE,FALSE,0.0869565217391305,0
"3222",6295,"54b4325de138239d8684d7e9",0.5034965,FALSE,TRUE,0.130434782608696,0
"3234",6308,"54fd63bae138239936c6e296",0.5833333,FALSE,FALSE,0.208955223880597,0
"3252",6332,"573a55accf58f19609e512ae",0.6029412,FALSE,FALSE,0.333333333333333,0
"3262",6342,"56b966c1cf58f14c238d4add",1,TRUE,TRUE,1,1
"3264",6344,"5682a904cf58f13bc8eceaf4",0.5636364,FALSE,FALSE,0.153846153846154,0
"3271",6352,"54b4325fe138239d8684dce7",0.3724138,FALSE,FALSE,0.0851063829787234,0
"3284",6366,"54b72b6de138230a74d15824",0.3902439,FALSE,FALSE,0.2,0
"3285",6367,"54b43280e138239d868539ab",0.5777778,FALSE,FALSE,0.161290322580645,0
"3308",6390,"54b43260e138239d8684e112",1,TRUE,TRUE,1,1
"3314",6396,"54b4325de138239d8684d97d",0.9885057,TRUE,TRUE,1,1
"3320",6402,"55c52a13cf58f1a8110b974c",0.4070796,FALSE,FALSE,0.138888888888889,0
"3359",6444,"54b4326de138239d868505ab",0.5151515,FALSE,FALSE,0.216216216216216,0
"3387",6475,"54b43252e138239d8684b800",0.4295775,FALSE,FALSE,0.172413793103448,0
"3435",6529,"56c17e6fcf58f15c72c900a1",1,FALSE,TRUE,1,1
"3465",6560,"55b3e405e138231cbdd6d45c",0.6585366,FALSE,FALSE,0.177777777777778,0
"3478",6575,"54b43259e138239d8684ce67",0.5316456,FALSE,FALSE,0.151515151515151,0
"3484",6581,"56bf5ceecf58f15c72c8d719",0.5294118,FALSE,TRUE,0.173913043478261,0
"3495",6592,"5727f36ecf58f175027e6243",0.3692308,FALSE,FALSE,0.172413793103448,0
"3509",6607,"54fbe698e138239936c6d80a",0.5483871,FALSE,FALSE,0.166666666666667,0
"3510",6608,"574fa4c0cf58f13fb66faf7f",1,TRUE,TRUE,1,1
"3515",6613,"559f0081e138234d98ad9ef4",0.9933775,TRUE,TRUE,1,1
"3523",6621,"54b43260e138239d8684e115",0.9772727,TRUE,TRUE,1,1
"3536",6634,"574f3ffecf58f11b8c767ad8",0.357513,FALSE,FALSE,0.2,0
"3539",6637,"572dcbeecf58f188aca4dd25",0.5762712,FALSE,FALSE,0.153333333333333,0
"3548",6651,"56b5411ecf58f14c238d3281",0.5505618,FALSE,FALSE,0.194029850746269,0
"3569",6681,"54b4328ce138239d86855a33",0.4343434,FALSE,FALSE,0.105263157894737,0
"3619",6737,"54b43250e138239d8684b368",0.4623656,FALSE,FALSE,0.0522875816993464,0
"3652",6770,"54b43262e138239d8684e491",0.5421687,FALSE,FALSE,0.136363636363636,0
"3694",6815,"55b8664ae13823bd29ba875e",0.6382979,FALSE,FALSE,0.333333333333333,0
"3696",6817,"566e1cabcf58f10a317382c1",0.4861111,FALSE,FALSE,0.261904761904762,0
"3728",6856,"5681ada8cf58f1ba274d480e",0.5263158,FALSE,FALSE,0.0555555555555556,0
"3729",6857,"54b43262e138239d8684e4b5",0.387931,FALSE,FALSE,0.0909090909090909,0
"3730",6858,"54b43246e138239d8684972a",0.4957265,FALSE,FALSE,0.0816326530612245,0
"3741",6869,"54b4324ee138239d8684ae0d",0.4742268,FALSE,FALSE,0.0816326530612245,0
"3747",6875,"55711e88e138233f919118e7",0.4,FALSE,FALSE,0.111111111111111,0
"3748",6876,"578b2395cf58f14a9ccad5fd",0.5185185,FALSE,FALSE,0.130434782608696,0
"3781",6910,"574b6089cf58f160b87e1c8d",0.5726496,FALSE,FALSE,0.128834355828221,0
"3818",6950,"56fec0dacf58f13b61f94c21",0.5660377,FALSE,FALSE,0.193548387096774,0
"3829",6961,"5609f62acf58f13f7dd1d9f2",0.5151515,FALSE,FALSE,0.205128205128205,0
"3839",6971,"54b4324ae138239d8684a4a7",0.525,FALSE,FALSE,0.0612244897959183,0
"3841",6973,"54b4325ae138239d8684d006",0.3972603,FALSE,FALSE,0.424242424242424,0
"3843",6976,"5682abc4cf58f13bc8eceb19",0.5652174,FALSE,FALSE,0.219512195121951,0
"3845",6978,"574e106dcf58f16d4d2c6af7",1,TRUE,TRUE,1,1
"3846",6980,"54b887b2e138230a74d15dcb",0.4529915,FALSE,FALSE,0.19047619047619,0
"3848",6982,"54b75daee138230a74d158ee",0.4259259,FALSE,FALSE,0.431372549019608,0
"3851",6985,"55b3bbcfe138231cbdd6d37a",0.4693878,FALSE,FALSE,0,0
"3875",7026,"54b4325de138239d8684d842",0.4705882,FALSE,FALSE,0.170731707317073,0
"3879",7031,"54b43254e138239d8684bf59",0.4953271,FALSE,FALSE,0.173913043478261,0
"3906",7064,"57501541cf58f167c059bc3f",0.59375,FALSE,FALSE,0.235294117647059,0
"3907",7065,"574ff469cf58f15bf5c90112",1,TRUE,TRUE,1,1
"3908",7066,"574f7838cf58f12fc751e160",1,TRUE,TRUE,1,1
"3910",7068,"57d4376acf58f1307d8e0867",0.4918033,FALSE,FALSE,0,0
"3911",7069,"5682b210cf58f13bc8eceb73",0.4807692,FALSE,FALSE,0.379310344827586,0
"3936",7095,"56b98718cf58f14c238d4b98",1,TRUE,TRUE,1,1
"3938",7097,"559f5c5ce138234d98ada0a1",0.974359,TRUE,TRUE,0.593023255813953,1
"3939",7098,"574d3ea9cf58f128da497acd",0.525641,FALSE,FALSE,0.205882352941177,0
"3957",7116,"56e38894cf58f17fea48a607",0.4491525,FALSE,FALSE,0.1,0
"3960",7119,"57251a81cf58f143898854fb",0.5227273,FALSE,FALSE,0.388888888888889,0
"3963",7122,"54b4325de138239d8684d8c6",1,TRUE,TRUE,1,1
"3991",7155,"57474d90cf58f1b6a23e0ac9",1,TRUE,TRUE,1,1
"3992",7156,"57509501cf58f1978ab3a885",1,TRUE,TRUE,1,1
"4001",7166,"56c57fdbcf58f17493f86c05",0.3589744,FALSE,FALSE,0.25,0
"4018",7183,"54b4324be138239d8684a60b",0.384058,FALSE,FALSE,0.183673469387755,0
"4036",7204,"574a9e03cf58f12afc8f8fd0",0.7666667,FALSE,FALSE,0.352941176470588,0
"4037",7205,"574ac95dcf58f13792922e56",0.5178571,FALSE,FALSE,0.264705882352941,0
"4044",7216,"54b43273e138239d8685157e",0.6708861,FALSE,FALSE,0.206896551724138,0
"4046",7218,"574b9419cf58f16e96bd3135",0.6126761,FALSE,FALSE,0.264705882352941,0
"4047",7219,"54b43273e138239d8685157e",0.6588235,FALSE,FALSE,0.15,0
"4049",7221,"5747e264cf58f121f8806a04",1,TRUE,TRUE,1,1
"4050",7222,"574aea35cf58f140912d5c80",1,TRUE,TRUE,1,1
"4058",7230,"574f6c7fcf58f12b8c497aa9",0.5934066,FALSE,FALSE,0.352941176470588,0
"4064",7239,"57c55925cf58f10ec1271bd3",0.4745763,FALSE,FALSE,0.266666666666667,0
"4075",7251,"557ffa8ae13823bc80ba2939",0.5735294,FALSE,FALSE,0.142857142857143,0
"4088",7265,"54b43260e138239d8684e1e5",0.4864865,FALSE,FALSE,0.0892857142857143,0
"4090",7267,"57bed7eecf58f13acf834865",0.6,FALSE,FALSE,0.2,0
"4093",7270,"5775872ecf58f111ebdbd4ec",0.5918367,FALSE,FALSE,0.552631578947368,0
"4096",7273,"57481272cf58f12f86cd43c9",0.5444444,TRUE,FALSE,0.277777777777778,0
"4102",7281,"555d049ee13823b845fe440c",0.4333333,FALSE,FALSE,0.115384615384615,0
"4123",7306,"54fc9dafe138239936c6dd16",0.4480519,FALSE,FALSE,0.2,0
"4125",7309,"574ac95dcf58f13792922e56",0.66,TRUE,FALSE,0.352941176470588,0
"4129",7337,"556731e0e1382382d70cedcf",0.3625,FALSE,FALSE,0.224137931034483,0
"4140",7374,"56bca5aecf58f106f6793550",0.7173913,FALSE,FALSE,0.117647058823529,0
"4142",7376,"54b4326fe138239d8685098e",0.6197183,FALSE,FALSE,0.135135135135135,0
"4143",7377,"54b43247e138239d86849a74",0.4657534,FALSE,FALSE,0.163265306122449,0
"4155",7398,"55cd35bbcf58f1b3b25e23d0",0.4034091,FALSE,FALSE,0.130434782608696,0
"4159",7402,"56c15d81cf58f15c72c8fe2b",0.4588235,FALSE,FALSE,0,0
"4166",7409,"54b8a498e138230a74d15e4c",0.5394737,FALSE,FALSE,0.415094339622642,0
"4168",7411,"54b4326be138239d8684feaa",0.4691358,FALSE,FALSE,0.296875,0
"4171",7420,"54b4325fe138239d8684decb",0.5327103,TRUE,FALSE,0.230769230769231,0
"4174",7423,"568305b3cf58f1479a0ab8d3",0.3898305,FALSE,FALSE,0.150943396226415,0
"4177",7427,"54b43251e138239d8684b632",0.4411765,FALSE,FALSE,0.175438596491228,0
"4178",7431,"56bca5aecf58f106f6793550",0.5538462,FALSE,FALSE,0.161290322580645,0
"4180",7435,"56c55171cf58f17493f8686c",0.5789474,FALSE,FALSE,0.234375,0
"4184",7439,"557fea11e13823bc80ba28ed",0.4796748,FALSE,FALSE,0.314285714285714,0
"4191",7449,"54b43250e138239d8684b2c7",0.462069,FALSE,FALSE,0.204081632653061,0
"4193",7452,"575101f1cf58f1022c195a1b",0.5333333,TRUE,FALSE,0.165413533834586,0
"4196",7455,"54e8fbd5e138237cc915100b",0.625,FALSE,FALSE,0.186046511627907,0
"4211",7470,"54b43248e138239d86849d51",1,TRUE,TRUE,1,1
"4213",7472,"558cce9ae13823109f3edaaa",0.4454545,FALSE,FALSE,0.12,0
"4215",7474,"5777c1e4cf58f1b53352cfdc",0.6896552,FALSE,FALSE,0.789473684210526,0
"4217",7478,"54b4326ce138239d868502f0",0.6341463,FALSE,FALSE,0.15,0
"4223",7487,"57018581cf58f12a1c7a207e",0.3733333,FALSE,FALSE,0.2,0
"4225",7491,"54b43250e138239d8684b4bf",0.6615385,FALSE,FALSE,0.285714285714286,0
"4236",7506,"57e98552cf58f19c7dad7cc9",0.4786325,TRUE,FALSE,0.0789473684210527,0
"4237",7507,"56bf9a07cf58f15c72c8dbcd",0.52,FALSE,FALSE,0.223684210526316,0
"4248",7521,"5721e698cf58f177a5e52324",0.4946237,FALSE,FALSE,0.32,0
"4252",7525,"574b8e3ecf58f16ce77c2ecc",0.9944444,TRUE,TRUE,1,1
"4253",7526,"574ee107cf58f1b872108534",0.4556213,FALSE,FALSE,0.365853658536585,0
"4255",7529,"57913584cf58f16e719bfa56",0.4761905,FALSE,FALSE,0.219512195121951,0
"4259",7535,"54b43244e138239d8684924e",0.4326923,FALSE,FALSE,0.132075471698113,0
"4263",7540,"54b4326ee138239d868507fa",0.5131579,FALSE,FALSE,0.208955223880597,0
"4270",7553,"57d44a2bcf58f13696bd6462",0.5846154,FALSE,FALSE,0.185185185185185,0
"4271",7555,"572d8dc9cf58f1724fa42245",0.5076923,FALSE,FALSE,0.166666666666667,0
"4279",7565,"54e9bee6e138237cc9151339",0.5890411,FALSE,FALSE,0.166666666666667,0
"4289",7578,"54b6951ce138230a74d155bb",0.5185185,FALSE,FALSE,0.175,0
"4296",7592,"558324ece1382390b43c96da",0.4509804,FALSE,FALSE,0.081081081081081,0
"4303",7599,"54d68a5fe138238471e7fb1f",0.4551724,FALSE,FALSE,0.2,0
"4314",7610,"54e935d1e138237cc91510f8",0.4923077,FALSE,FALSE,0.25,0
"4332",7635,"56e38f98cf58f18248c34266",0.4224138,FALSE,FALSE,0.128205128205128,0
"4367",7675,"55044f40e1382326932d85d5",0.4338235,FALSE,FALSE,0.269230769230769,0
"4375",7683,"54b43251e138239d8684b622",0.7142857,TRUE,FALSE,0.146341463414634,0
"4377",7685,"54b4325ee138239d8684db57",1,TRUE,TRUE,1,1
"4382",7692,"559fba03e138234d98ada1d7",0.4444444,FALSE,FALSE,0.176470588235294,0
"4387",7699,"54b43252e138239d8684b86b",1,TRUE,TRUE,1,1
"4394",7707,"54ea2b05e138237cc91514eb",0.59375,FALSE,FALSE,0.19047619047619,0
"4401",7715,"55530c76e138239301770592",0.5135135,FALSE,FALSE,0.148148148148148,0
"4405",7720,"568358ebcf58f1479a0abd3a",0.475,FALSE,FALSE,0.272727272727273,0
"4414",7754,"54b4326ce138239d86850290",0.4673913,FALSE,FALSE,0.243243243243243,0
"4415",7755,"54b4326ce138239d86850290",0.4339623,FALSE,FALSE,0.243243243243243,0
"4420",7761,"54b43251e138239d8684b61d",0.5229358,FALSE,FALSE,0.173913043478261,0
"4427",7769,"559fe599e138234d98ada2af",1,TRUE,TRUE,0.583333333333333,1
"4429",7772,"5609f62acf58f13f7dd1d9f2",0.5319149,FALSE,FALSE,0.192307692307692,0
"4435",7779,"54b4326de138239d8685040f",0.4545455,FALSE,FALSE,0.081081081081081,0
"4437",7781,"54b43251e138239d8684b63d",0.6268657,FALSE,FALSE,0,0
"4440",7786,"54b43246e138239d8684991e",0.5576923,FALSE,FALSE,0.220338983050847,0
"4443",7793,"56e374a6cf58f179240d428a",0.452381,FALSE,FALSE,0.147058823529412,0
"4446",7796,"54b4326ce138239d86850295",1,TRUE,TRUE,1,1
"4447",7797,"570d93cdcf58f1013382c425",0.6470588,FALSE,FALSE,0.246153846153846,0
"4451",7803,"571f0f9ecf58f105989ff4d4",0.4576271,FALSE,FALSE,0.166666666666667,0
"4452",7804,"54b43259e138239d8684cd97",0.4725275,FALSE,FALSE,0.272727272727273,0
"4453",7805,"54e8d4e8e138237cc9150f68",0.6222222,FALSE,FALSE,0.19047619047619,0
"4454",7806,"568357f6cf58f1479a0abd2f",0.4622642,FALSE,FALSE,0.259259259259259,0
"4455",7807,"54e8d4e8e138237cc9150f68",0.5,FALSE,FALSE,0.214285714285714,0
"4458",7811,"559117b9e13823109f3ef3ed",0.5211268,FALSE,FALSE,0.222222222222222,0
"4459",7812,"571f0f9ecf58f105989ff4d4",0.5227273,FALSE,FALSE,0.166666666666667,0
"4462",7816,"571f0f9ecf58f105989ff4d4",0.4576271,FALSE,FALSE,0.14,0
"4463",7817,"54b4328be138239d86855840",0.4188034,FALSE,TRUE,0.127659574468085,0
"4464",7819,"54b43260e138239d8684df5f",0.7575758,FALSE,FALSE,0.148148148148148,0
"4473",7830,"559f3537e138234d98ad9fe9",0.4588235,FALSE,FALSE,0.25,0
"4485",7842,"54b4325ee138239d8684dbe6",0.4794521,TRUE,TRUE,1,1
"4489",7846,"575e993ecf58f13e91c538b9",0.5897436,FALSE,FALSE,0.105263157894737,0
"4498",7855,"566fe47ccf58f1b1878a7aea",0.4936709,FALSE,FALSE,0.12,0
"4499",7856,"574b8ab9cf58f16bf46db49b",0.5,FALSE,FALSE,0.234042553191489,0
"4501",7864,"54b4325ee138239d8684da3c",0.5728155,FALSE,FALSE,0.384615384615385,0
"4502",7865,"54b43251e138239d8684b539",0.4251969,FALSE,FALSE,0.173913043478261,0
"4504",7877,"54be1acae138233c8bc4f9d4",0.5638298,FALSE,FALSE,0.17948717948718,0
"4512",7886,"559ed3dce138234d98ad9e1e",1,TRUE,TRUE,1,1
"4523",7899,"54b4325ee138239d8684dad6",0.4756098,FALSE,FALSE,0.315789473684211,0
"4535",7916,"54b4325ee138239d8684dbe4",0.5636364,FALSE,FALSE,0.235294117647059,0
"4536",7917,"54b4325de138239d8684d877",0.5566038,FALSE,FALSE,0.235294117647059,0
"4546",7933,"55f28bd9cf58f16256a21799",0.4503817,TRUE,FALSE,0.188405797101449,0
"4624",8015,"54b43253e138239d8684bd0c",0.5,FALSE,FALSE,0.181818181818182,0
"4778",8169,"57766122cf58f150596d3e8b",0.6923077,FALSE,FALSE,0.184210526315789,0
"4821",8212,"5708b91ecf58f18e2a4357dc",0.4333333,FALSE,FALSE,0.230769230769231,0
"4932",8323,"5682ad02cf58f13bc8eceb2c",0.4761905,FALSE,FALSE,0.153846153846154,0
"4937",8328,"551f9dbae138236e51a9a04b",0.4193548,FALSE,FALSE,0.142857142857143,0
"4950",8341,"56a0828bcf58f1079fd4bfc5",0.4356436,FALSE,FALSE,0.0851063829787234,0
"4951",8342,"54b43251e138239d8684b5d3",0.576,FALSE,FALSE,0.173913043478261,0
"4953",8346,"56a928cacf58f19442531243",0.4623656,FALSE,FALSE,0.380952380952381,0
"4958",8352,"57e99f18cf58f1a59ba8dce1",0.430303,FALSE,FALSE,0.0684931506849316,0
"4969",8371,"56820483cf58f1ba274d4ccb",1,TRUE,TRUE,1,1
"4980",8382,"54b4326ce138239d8685019c",0.511811,FALSE,FALSE,0.216216216216216,0
"4994",8396,"57022034cf58f15e6b8b6fc9",0.3888889,FALSE,FALSE,0.354838709677419,0
"4997",8399,"54b4325ee138239d8684da88",0.9936306,TRUE,TRUE,1,1
"5003",8406,"54b4325be138239d8684d3c3",0.4094488,FALSE,FALSE,0.148148148148148,0
"5004",8408,"558cce9ae13823109f3edaaa",0.4957983,FALSE,FALSE,0.1875,0
"5005",8409,"54b43266e138239d8684efd0",0.4953271,FALSE,FALSE,0.142857142857143,0
"5034",8440,"54b4325be138239d8684d3c3",0.4251969,FALSE,FALSE,0.148148148148148,0
"5042",8450,"57294745cf58f147a84a7786",0.4045802,FALSE,FALSE,0.203389830508475,0
"5050",8458,"54b4325de138239d8684d7b2",0.4583333,FALSE,FALSE,0.0930232558139535,0
"5065",8476,"54b4326ce138239d8685019c",1,TRUE,TRUE,1,1
"5070",8481,"56b98074cf58f14c238d4b71",0.52,FALSE,FALSE,0.106382978723404,0
"5071",8482,"54caef30e138236bcc9299d3",0.4351145,FALSE,FALSE,0.171428571428571,0
"5072",8483,"54b43260e138239d8684e0f9",0.5806452,FALSE,FALSE,0.129032258064516,0
"5073",8484,"54b4326ae138239d8684fc6e",0.6582278,FALSE,FALSE,0.378378378378378,0
"5084",8499,"54b4326ae138239d8684fb40",0.4756098,FALSE,FALSE,0.216216216216216,0
"5086",8501,"54b4326ce138239d86850169",1,TRUE,TRUE,1,1
"5089",8504,"54b4326ae138239d8684fb3c",0.4715447,FALSE,FALSE,0.17948717948718,0
"5091",8506,"56b97605cf58f14c238d4b35",1,TRUE,TRUE,1,1
"5093",8508,"54b43251e138239d8684b6f4",0.5304348,FALSE,FALSE,0.208333333333333,0
"5097",8512,"57b26a47cf58f18d8224fc14",0.4590164,FALSE,FALSE,0.461538461538462,0
"5102",8518,"57ab0df7cf58f19cb6a26fb6",0.5540541,FALSE,FALSE,0.1,0
"5107",8524,"557369a3e13823980c491166",0.3463687,FALSE,FALSE,0.203703703703704,0
"5109",8526,"54c8dad3e13823b607fd3f27",0.4939759,FALSE,FALSE,0.1,0
"5112",8529,"56c50ea6cf58f17493f86329",0.5833333,FALSE,FALSE,0.171875,0
"5119",8536,"54b4326ae138239d8684fd39",0.4031008,FALSE,FALSE,0.216216216216216,0
"5120",8537,"55b3e327e138231cbdd6d456",0.5238095,FALSE,FALSE,0.230769230769231,0
"5132",8549,"5721a90bcf58f15f9ca3272c",0.5647059,FALSE,FALSE,0.709677419354839,0
"5135",8552,"54b4325ce138239d8684d61f",0.9902913,TRUE,TRUE,1,1
"5138",8555,"570dad65cf58f10a6a3ff6d0",0.4897959,FALSE,FALSE,0.45,0
"5141",8558,"54b4326de138239d86850494",0.5063291,FALSE,FALSE,0.216216216216216,0
"5142",8559,"57dfe737cf58f1a1b5e00dd3",0.3695652,FALSE,FALSE,0.277777777777778,0
"5151",8568,"56c4f856cf58f17493f86175",0.4025974,FALSE,FALSE,0.319444444444444,0
"5153",8570,"54b43251e138239d8684b790",0.4953271,TRUE,FALSE,0.162162162162162,0
"5158",8575,"54b4326ee138239d86850758",0.9318182,TRUE,FALSE,0.216216216216216,0
"5159",8576,"54b4326ee138239d86850772",0.5,FALSE,FALSE,0.216216216216216,0
"5161",8578,"54b4326ee138239d868508b0",0.6170213,FALSE,FALSE,0.291666666666667,0
"5166",8583,"57bec534cf58f134c938bf3f",0.3716814,FALSE,FALSE,0.116279069767442,0
"5167",8584,"56c50c2ccf58f17493f8630b",0.4583333,FALSE,FALSE,0.21875,0
"5172",8589,"54b4324ae138239d8684a227",1,TRUE,TRUE,1,1
"5177",8596,"5704cb69cf58f177a7b4f3b9",0.375,FALSE,FALSE,0.181818181818182,0
"5181",8602,"55b48797e1382314227cf604",0.4328358,FALSE,FALSE,0.227272727272727,0
"5182",8603,"54b43252e138239d8684ba94",0.5483871,TRUE,FALSE,0.171875,0
"5185",8606,"57c2d821cf58f102252b629a",0.48,FALSE,FALSE,0.1875,0
"5201",8624,"55778a58e138234790a0171a",0.4568966,FALSE,FALSE,0.192307692307692,0
"5230",8664,"568ed810cf58f11b6280c3ce",0.4357143,FALSE,FALSE,0.0588235294117647,0
"5240",8674,"54b4326ce138239d8685019c",0.4964029,FALSE,FALSE,0.17948717948718,0
"5242",8677,"54b4326ce138239d8685017c",0.5425532,FALSE,FALSE,0.216216216216216,0
"5248",8683,"54b4325de138239d8684d877",0.4537815,FALSE,FALSE,0.148148148148148,0
"5250",8685,"54b4326ce138239d8685013d",0.6129032,FALSE,FALSE,0.17948717948718,0
"5252",8687,"54b4326ae138239d8684fd10",0.5,FALSE,FALSE,0.216216216216216,0
"5253",8688,"54b4326ee138239d86850692",0.5833333,FALSE,FALSE,0.214285714285714,0
"5278",8715,"54b43251e138239d8684b577",0.5193798,FALSE,FALSE,0.216216216216216,0
"5297",8736,"54b4325ce138239d8684d454",0.3992674,TRUE,FALSE,0.181818181818182,0
"5316",8755,"54b4326ce138239d86850184",1,TRUE,TRUE,1,1
"5340",8781,"56c50ebccf58f17493f86330",0.372549,FALSE,FALSE,0.171875,0
"5350",8791,"57a4f751cf58f1493cacbf6c",0.6666667,FALSE,FALSE,0.214285714285714,0
"5353",8795,"57a7183bcf58f11ee7a4137a",0.6516854,FALSE,FALSE,0.323529411764706,0
"5373",8822,"54b4326ce138239d8685028d",1,TRUE,TRUE,1,1
"5375",8824,"54ea1531e138237cc91514a7",0.4341085,FALSE,FALSE,0.385964912280702,0
"5380",8829,"56ee67bfcf58f179bf63d3ea",0.4731183,FALSE,FALSE,0.1875,0
"5381",8830,"54b4324be138239d8684a6a5",0.4705882,FALSE,FALSE,0.183673469387755,0
"5394",8843,"574b92edcf58f16e442a453b",0.4296875,FALSE,FALSE,0.235294117647059,0
"5397",8846,"54b4326ae138239d8684fc2b",0.4635762,FALSE,FALSE,0.184,0
"5398",8848,"558ba42be13823109f3ed46d",1,TRUE,TRUE,0.782608695652174,1
"5400",8852,"55b316cde138231cbdd6cffa",1,TRUE,TRUE,0.666666666666667,1
"5403",8855,"55b2dc55e138231cbdd6cebb",1,TRUE,TRUE,0.782608695652174,1
"5404",8856,"57472234cf58f1a8ac4e2e05",1,TRUE,TRUE,1,1
"5406",8858,"55b36393e138231cbdd6d186",1,TRUE,TRUE,0.782608695652174,1
"5408",8860,"57502f02cf58f170d682df0d",0.5277778,FALSE,FALSE,0.176470588235294,0
"5411",8863,"54b78f7de138230a74d159b4",0.9784173,TRUE,TRUE,1,1
"5416",8868,"5746b8bdcf58f185694dcc9c",0.5641026,FALSE,FALSE,0.352941176470588,0
"5417",8869,"54b4326de138239d868503a1",0.5614035,FALSE,FALSE,0.162162162162162,0
"5427",8880,"577849d8cf58f11e0e49d3c6",1,TRUE,TRUE,0.444444444444444,1
"5429",8882,"56ba4e4dcf58f18714edf2d5",0.5402299,FALSE,FALSE,0.185185185185185,0
"5432",8885,"54b43262e138239d8684e491",0.48,FALSE,FALSE,0.111111111111111,0
"5439",8893,"5717b2d0cf58f17aac70fa02",0.5714286,FALSE,FALSE,0.217391304347826,0
"5444",8898,"56cd03a0cf58f1b14db24e15",0.556701,FALSE,FALSE,0.196428571428571,0
"5447",8903,"57dfe157cf58f19f7c4bbefb",0.3731343,FALSE,FALSE,0.188679245283019,0
"5448",8906,"56468ee3cf58f1be4d034d71",0.5747126,TRUE,FALSE,0.130434782608696,0
"5450",8908,"571b07f3cf58f11c1a6a1bc5",0.6607143,FALSE,FALSE,0.428571428571429,0
"5455",8914,"5748a041cf58f157f56acab0",0.4468085,FALSE,FALSE,0.30952380952381,0
"5457",8916,"56cd7335cf58f1b14db25170",0.3488372,FALSE,FALSE,0.115384615384615,0
"5458",8917,"56f251b7cf58f14d6f9626d1",0.3333333,FALSE,FALSE,0.173913043478261,0
"5465",8924,"551ff5b0e138236e51a9a1a5",0.527027,FALSE,FALSE,0.178571428571429,0
"5466",8925,"54b43260e138239d8684e127",0.3937008,TRUE,FALSE,0.137931034482759,0
"5473",8932,"54b43255e138239d8684c12e",0.4587156,FALSE,FALSE,0,0
"5480",8940,"54b43250e138239d8684b4ae",0.454023,FALSE,FALSE,0.130434782608696,0
"5481",8941,"56956053cf58f17e51698099",0.3958333,FALSE,FALSE,0.290322580645161,0
"5490",8953,"579a5762cf58f1bae963ba41",1,TRUE,TRUE,1,0
"5497",8962,"5506bd58e1382326932d928f",0.5048544,FALSE,FALSE,0.538461538461538,0
"5509",8975,"54b4326de138239d868504ef",0.4065041,FALSE,FALSE,0.222222222222222,0
"5517",8985,"54b4325ae138239d8684cfd4",0.4505495,FALSE,FALSE,0.195121951219512,0
"5532",9002,"55aee70ce138238bf543c5af",0.4027778,FALSE,FALSE,0.218181818181818,0
"5535",9007,"54b43280e138239d86853959",0.6162791,FALSE,FALSE,0.333333333333333,0
"5536",9008,"55b3e981e138231cbdd6d47f",0.55,FALSE,FALSE,0.2,0
"5537",9009,"557b45d5e138239225f86331",0.5257732,FALSE,FALSE,0.2,0
"5540",9012,"54b4326be138239d8684ff61",1,TRUE,TRUE,1,1
"5542",9014,"559fc8bde138234d98ada21e",0.4936709,TRUE,FALSE,0.0952380952380952,0
"5544",9016,"54b4326be138239d86850066",1,TRUE,TRUE,1,1
"5558",9030,"54b4325de138239d8684d764",0.9821429,TRUE,TRUE,1,1
"5570",9048,"574da249cf58f144c0e92ad0",0.4725275,FALSE,FALSE,0.271186440677966,0
"5577",9056,"54b4328ce138239d86855c02",0.6049383,FALSE,FALSE,0.392857142857143,0
"5584",9063,"56c1e758cf58f15c72c90869",1,TRUE,TRUE,1,1
"5593",9077,"56f78f85cf58f1b248054032",0.4883721,FALSE,FALSE,0.25,0
"5599",9085,"54c060fbe1382389c54c3757",0.4727273,FALSE,FALSE,0.128205128205128,0
"5603",9090,"5697a435cf58f1143ae003d3",0.4864865,FALSE,FALSE,0.157894736842105,0
"5606",9097,"574f29b7cf58f11310e0e634",0.5625,FALSE,FALSE,0.560975609756098,0
"5607",9099,"5704719bcf58f158547af73f",0.5490196,FALSE,FALSE,0.204545454545455,0
"5613",9107,"54b4326be138239d86850069",0.5,FALSE,FALSE,0.243243243243243,0
"5617",9111,"572d914fcf58f1739a73227b",0.9679487,TRUE,TRUE,1,1
"5628",9123,"55900392e13823109f3eed27",1,TRUE,TRUE,0.782608695652174,1
"5643",9138,"55b3fa39e138231cbdd6d4e0",0.5,FALSE,FALSE,0.164556962025316,0
"5646",9142,"56e68cd7cf58f1bf6ab23754",0.398773,FALSE,FALSE,0.166666666666667,0
"5647",9143,"56e68cd7cf58f1bf6ab23754",0.398773,FALSE,FALSE,0.166666666666667,0
"5655",9152,"56e68cd7cf58f1bf6ab23754",0.4191176,FALSE,FALSE,0.166666666666667,0
"5663",9160,"56e37e1ecf58f17c4725acad",0.4375,FALSE,FALSE,0.25,0
"5674",9171,"56c18d5ccf58f15c72c901ac",1,TRUE,TRUE,1,1
"5682",9181,"57beb84bcf58f130a08ff4f2",0.5072464,FALSE,FALSE,0.232558139534884,0
"5683",9182,"57beb84bcf58f130a08ff4f2",0.4782609,FALSE,FALSE,0.232558139534884,0
"5685",9185,"54b4328ee138239d86855ef3",0.5339806,FALSE,FALSE,0.137096774193548,0
"5697",9199,"54b43247e138239d86849a85",0.994186,TRUE,TRUE,1,1
"5701",9203,"54b4325fe138239d8684df39",0.9807692,TRUE,TRUE,1,1
"5703",9205,"5702f905cf58f1a7edb79728",0.4444444,FALSE,FALSE,0.305084745762712,0
"5704",9206,"56c194b5cf58f15c72c90232",0.971831,TRUE,TRUE,1,1
"5705",9207,"54fc4b83e138239936c6dac7",0.5263158,FALSE,FALSE,0.257142857142857,0
"5709",9212,"574da70acf58f146555999c5",0.5,FALSE,FALSE,0.271186440677966,0
"5711",9214,"5681e3e1cf58f1ba274d4af6",1,TRUE,TRUE,1,1
"5712",9215,"54b4325be138239d8684d380",0.3688525,FALSE,FALSE,0.121212121212121,0
"5715",9218,"55f4721fcf58f16256a22489",1,TRUE,TRUE,1,1
"5717",9220,"54b43249e138239d86849f6c",1,TRUE,TRUE,1,1
"5720",9225,"54b4325ce138239d8684d49a",0.4866667,FALSE,FALSE,0.16,0
"5724",9232,"574f3ecacf58f11b140b2dfe",1,TRUE,TRUE,1,1
"5727",9241,"5777379acf58f18d51d35cea",0.9879518,TRUE,TRUE,0.444444444444444,1
"5731",9247,"57496649cf58f19020cb776f",0.9135802,TRUE,TRUE,1,1
"5732",9248,"5749e989cf58f1b60140d757",0.4965986,TRUE,FALSE,1,0
"5733",9251,"54b43247e138239d86849ba3",1,TRUE,TRUE,1,1
"5737",9255,"574fb9d2cf58f146ea1a6965",1,TRUE,FALSE,1,1
"5738",9256,"54b43245e138239d86849634",0.5277778,FALSE,FALSE,0.143459915611814,0
"5740",9258,"57bec52acf58f134c938bf27",0.5833333,FALSE,FALSE,0.232558139534884,0
"5741",9259,"54b43252e138239d8684b88d",0.4821429,FALSE,FALSE,0.2,0
"5742",9260,"57ab0df7cf58f19cb6a26fb6",0.5428571,FALSE,FALSE,0.130434782608696,0
"5746",9267,"570d8f3bcf58f1be6b763308",0.5396825,FALSE,FALSE,0.4,0
"5750",9271,"56bc1b13cf58f106f6793166",0.4520548,FALSE,FALSE,0.161290322580645,0
"5751",9272,"57761e56cf58f13d39a24d77",1,TRUE,TRUE,0.921052631578947,1
"5757",9279,"54b4325fe138239d8684de25",0.4052632,TRUE,TRUE,0.0684931506849316,0
"5766",9291,"54b43262e138239d8684e491",0.5733333,FALSE,FALSE,0.126984126984127,0
"5769",9295,"56c1ea81cf58f15c72c908aa",0.4435484,FALSE,FALSE,0.347826086956522,0
"5770",9296,"54b4326de138239d8685036f",0.981982,TRUE,TRUE,1,1
"5775",9303,"571b149ccf58f120ad7ee44c",0.4854369,FALSE,FALSE,0.0948905109489051,0
"5777",9305,"54b4326ce138239d8685019c",0.5729167,FALSE,FALSE,0.125,0
"5783",9311,"574f9324cf58f139544fcd88",0.5692308,FALSE,FALSE,0.3,0
"5785",9313,"559efbcbe138234d98ad9edd",0.546875,FALSE,FALSE,0.222222222222222,0
"5788",9318,"56b99234cf58f14c238d4bd7",0.5138889,FALSE,FALSE,0.15625,0
"5790",9320,"56820ddbcf58f1ba274d4d53",0.6865672,TRUE,FALSE,1,0
"5791",9321,"56b98c5ecf58f14c238d4bb6",1,TRUE,TRUE,1,1
"5796",9328,"57ab0df7cf58f19cb6a26fb6",0.5142857,FALSE,FALSE,0.230769230769231,0
"5797",9329,"54b43281e138239d86853d1a",0.483871,FALSE,FALSE,0.5,0
"5799",9336,"54b43252e138239d8684b9c6",0.4189944,FALSE,FALSE,0.152542372881356,0
"5815",9352,"57e9867fcf58f19cdbb0cff1",1,TRUE,TRUE,1,1
"5825",9362,"5701fe45cf58f1529ec9b0f5",0.3604651,FALSE,FALSE,0.329113924050633,0
"5826",9363,"54fc635de138239936c6db7a",0.3931034,FALSE,FALSE,0.142857142857143,0
"5842",9379,"55717645e138233f91911a4b",0.5384615,FALSE,FALSE,0.111111111111111,0
"5847",9384,"54b4325ee138239d8684da3a",1,TRUE,TRUE,1,1
"5848",9385,"54bf7ebee13823023e43de1e",0.490566,FALSE,FALSE,0.115942028985507,0
"5860",9397,"54b43249e138239d8684a16b",0.9775281,TRUE,TRUE,1,1
"5862",9399,"56cb5cafcf58f12223d48b36",0.44,FALSE,FALSE,0.3,0
"5864",9401,"57760111cf58f134d11ea726",0.6190476,FALSE,FALSE,0.815789473684211,0
"5870",9408,"54f98c2de138239936c6c84b",0.5416667,FALSE,FALSE,0.2,0
"5880",9420,"572d741dcf58f1693838e223",0.3820225,FALSE,FALSE,0.156862745098039,0
"5882",9422,"571b1ddacf58f123d7a218fd",0.3975904,FALSE,FALSE,0.25,0
"5885",9425,"572bae78cf58f17ed5a8b1dd",0.3609467,FALSE,FALSE,0.294117647058823,0
"5889",9429,"56b9822fcf58f14c238d4b7b",1,TRUE,TRUE,1,1
"5896",9436,"54b4325ee138239d8684dc6a",0.6,TRUE,FALSE,0.157894736842105,0
"5908",9448,"55078cb2e1382326932d9604",0.4285714,FALSE,FALSE,0.230769230769231,0
"5914",9457,"54b43250e138239d8684b2f4",0.4554455,FALSE,FALSE,0.136363636363636,0
"5915",9458,"54b4325fe138239d8684de5f",0.3565891,TRUE,FALSE,0.0679611650485437,0
"5918",9462,"56fa6d6acf58f13b8608ff8b",0.3050398,FALSE,FALSE,0.275862068965517,0
"5929",9473,"54b43260e138239d8684e012",0.525641,FALSE,FALSE,0.173913043478261,0
"5933",9477,"57503738cf58f173a9969c33",0.98,TRUE,TRUE,1,1
"5934",9478,"54b4325ee138239d8684dbe6",0.4745763,FALSE,FALSE,0.0666666666666667,0
"5938",9482,"56b0bd32cf58f14c238d1699",0.5074627,FALSE,FALSE,0.23728813559322,0
"5939",9483,"559fccdce138234d98ada232",0.4173913,FALSE,FALSE,0.571428571428571,0
"5940",9484,"57c2f69acf58f10c624e4ed0",0.4814815,FALSE,FALSE,0.173913043478261,0
"5956",9500,"55492540e138233dfd7d45e5",0.42,FALSE,FALSE,0.204545454545455,0
"5958",9502,"54e9801ce138237cc9151227",0.5373134,FALSE,FALSE,0.19047619047619,0
"5966",9511,"54b43251e138239d8684b5c8",0.6363636,FALSE,FALSE,0.204081632653061,0
"5973",9519,"56b98260cf58f14c238d4b7c",0.4038462,FALSE,FALSE,0.521739130434783,0
"5974",9520,"54b4325ee138239d8684db82",0.4883721,FALSE,FALSE,0.230769230769231,0
"5975",9521,"54b4325fe138239d8684de25",0.9503106,TRUE,TRUE,1,1
"5977",9523,"54e89bfce138237cc9150e62",0.4578313,FALSE,FALSE,0.166666666666667,0
"5980",9526,"54e9dc4de138237cc91513b7",0.6615385,TRUE,TRUE,1,1
"5981",9527,"57913a34cf58f1703790367d",0.496,FALSE,FALSE,0.166666666666667,0
"5994",9542,"574d7cc6cf58f1393a90bb05",0.7905983,TRUE,TRUE,1,1
"5995",9543,"574d7cc5cf58f1393a90bb04",0.9938272,TRUE,TRUE,1,1
"6006",9559,"54b43248e138239d86849ee5",0.9892473,TRUE,TRUE,1,1
"6008",9563,"54b43250e138239d8684b373",0.4528302,FALSE,FALSE,0.275862068965517,0
"6031",9589,"54b43284e138239d8685456c",0.4,FALSE,FALSE,0.0714285714285714,0
"6041",9599,"54b4325de138239d8684d72a",0.4492754,FALSE,FALSE,0.0625,0
"6050",9608,"54b4325ce138239d8684d6e3",0.3771429,FALSE,FALSE,0.285714285714286,0
"6052",9611,"54b4325ee138239d8684db37",0.5063291,FALSE,FALSE,0.1,0
"6061",9620,"54d7e447e138238471e800b6",0.4135338,FALSE,FALSE,0.24,0
"6066",9625,"54b6ccc2e138230a74d156a3",0.4038462,FALSE,FALSE,0.34,0
"6071",9630,"576551f6642f88281afcbbe7",0.4537037,FALSE,FALSE,0.12,0
"6083",9642,"57a28b69cf58f159df8c8338",0.4148936,FALSE,FALSE,0.138613861386139,0
"6087",9647,"574f3ecacf58f11b140b2dfe",0.5952381,FALSE,FALSE,0.26,0
"6089",9649,"54b43251e138239d8684b77d",0.3856209,FALSE,FALSE,0.175438596491228,0
"6107",9669,"54b4325fe138239d8684deda",0.887931,TRUE,TRUE,1,1
"6111",9673,"54b6e7e7e138230a74d156f7",0.675,FALSE,FALSE,0.35,0
"6117",9679,"54bf7ebee13823023e43de1e",0.4333333,FALSE,FALSE,0.116788321167883,0
"6125",9688,"54b43260e138239d8684e1df",0.4230769,FALSE,FALSE,0.0515463917525774,0
"6130",9693,"559ff4cae138234d98ada2fd",0.3728814,FALSE,FALSE,0.214285714285714,0
"6141",9704,"54b43260e138239d8684dfe9",0.9518717,TRUE,TRUE,1,1
"6142",9705,"54b43248e138239d86849eae",1,TRUE,TRUE,1,1
"6144",9707,"574865a5cf58f14682c41317",0.5882353,FALSE,FALSE,0.229166666666667,0
"6151",9714,"54b43260e138239d8684e1a7",0.3839286,FALSE,FALSE,0.0588235294117647,0
"6153",9716,"54c26bc6e1382389c54c3ffa",0.5409836,FALSE,FALSE,0.1125,0
"6156",9719,"54b4328ce138239d86855bf3",0.4186047,FALSE,FALSE,0.1875,0
"6177",9743,"54b43260e138239d8684e125",0.4605263,TRUE,TRUE,1,1
"6189",9758,"574bd5b9cf58f1813b26e450",0.4183673,FALSE,FALSE,0.236363636363636,0
"6196",9765,"54b43251e138239d8684b632",0.4941176,FALSE,FALSE,0.130434782608696,0
"6209",9778,"56c1d7b2cf58f15c72c9072a",0.4521739,TRUE,FALSE,0.538461538461538,0
"6211",9781,"574a27a5cf58f10919fc367b",1,TRUE,FALSE,1,1
"6216",9788,"54b4326ce138239d868500d6",0.55,FALSE,FALSE,0.27027027027027,0
"6217",9789,"574f7258cf58f12d9975fa22",0.4831461,FALSE,FALSE,0.146341463414634,0
"6219",9792,"566c36f4cf58f10a3173745b",0.3913043,FALSE,FALSE,0.39622641509434,0
"6221",9794,"54e84e25e138237cc9150d31",0.443299,FALSE,FALSE,0.418604651162791,0
"6227",9804,"54ea0b0ce138237cc915147d",0.557377,FALSE,FALSE,0.415094339622642,0
"6234",9815,"54b43262e138239d8684e549",0.5104167,FALSE,FALSE,0.175438596491228,0
"6237",9818,"54c4b350e1382389c54c497d",0.6,FALSE,FALSE,0.176470588235294,0
"6238",9819,"54b43260e138239d8684e1df",0.5,FALSE,FALSE,0.1875,0
"6242",9823,"559f7ff4e138234d98ada0ff",0.4461538,FALSE,FALSE,0.226190476190476,0
"6244",9825,"56b99180cf58f14c238d4bd3",0.5232558,FALSE,FALSE,0.121951219512195,0
"6246",9827,"54b43253e138239d8684bb3a",1,TRUE,TRUE,1,1
"6250",9831,"54b4325fe138239d8684df2e",0.4435484,FALSE,FALSE,0.137931034482759,0
"6253",9834,"54c8cf64e13823b607fd3ef7",0.5,FALSE,FALSE,0.2,0
"6255",9836,"55b2f09ee138231cbdd6cf24",0.4725275,FALSE,FALSE,0.12962962962963,0
"6259",9840,"56e6fd7acf58f12ad738fcf1",0.3333333,FALSE,FALSE,0.169491525423729,0
"6260",9841,"54b8e39ae138230a74d15f57",0.5882353,FALSE,FALSE,0.261904761904762,0
"6268",9852,"54fd769ae138239936c6e324",0.3801653,FALSE,FALSE,0.125,0
"6277",9861,"56cdc314cf58f1b14db253d6",0.4196429,FALSE,FALSE,0.213114754098361,0
"6278",9862,"55f491aecf58f16256a22570",0.41,FALSE,FALSE,0.166666666666667,0
"6284",9868,"54b43249e138239d86849ffb",0.9915254,TRUE,TRUE,1,1
"6294",9878,"54b43251e138239d8684b622",0.6436782,FALSE,FALSE,0.176470588235294,0
"6297",9881,"5777cff7cf58f1b93f433ddb",0.5833333,FALSE,FALSE,0.236842105263158,0
"6298",9882,"55b71be0e13823bd29ba7f73",0.5,FALSE,FALSE,0.116279069767442,0
"6306",9894,"557bef04e138239225f86622",0.5238095,FALSE,FALSE,0.206896551724138,0
"6308",9896,"54b4325ee138239d8684d9d6",0.4217687,FALSE,TRUE,0.137931034482759,0
"6318",9906,"54b43250e138239d8684b4a0",0.5377358,FALSE,FALSE,0.173913043478261,0
"6323",9911,"55b34055e138231cbdd6d0d5",0.5483871,FALSE,FALSE,0.206896551724138,0
"6327",9915,"57892cdfcf58f1667c881b1a",0.625,FALSE,FALSE,0.211538461538462,0
"6328",9917,"54b43252e138239d8684b839",0.6388889,TRUE,FALSE,0.152542372881356,0
"6330",9920,"54b4326ae138239d8684fdbd",0.440678,FALSE,FALSE,0.232558139534884,0
"6332",9922,"574e119ecf58f16dbc9fe5e3",0.3952096,FALSE,FALSE,0.229166666666667,0
"6335",9925,"56e64d90cf58f1aa33f6b8e6",0.4625,FALSE,FALSE,0.207317073170732,0
"6336",9926,"54b43260e138239d8684e08b",0.9944444,TRUE,TRUE,1,1
"6337",9927,"54b43260e138239d8684e151",0.5466667,FALSE,FALSE,0.0930232558139535,0
"6339",9929,"559fcdabe138234d98ada236",0.4146341,FALSE,FALSE,0.297619047619048,0
"6356",9952,"54b4326be138239d8684fe7a",0.3850932,FALSE,FALSE,0.257575757575758,0
"6376",9972,"56b97338cf58f14c238d4b25",0.4217687,FALSE,FALSE,0.140350877192982,0
"6379",9975,"54b4325de138239d8684d877",0.4671533,FALSE,FALSE,0.173913043478261,0
"6380",9976,"54b4325ee138239d8684dba5",0.7101449,FALSE,FALSE,0.108695652173913,0
"6392",9990,"5723be90cf58f18295389fcc",0.4065934,FALSE,FALSE,0.341463414634146,0
"6393",9991,"54b4325ce138239d8684d4f2",0.6153846,FALSE,FALSE,0.178571428571429,0
"6401",10001,"54e275a4e138237cc914f47a",0.5263158,FALSE,FALSE,0.230769230769231,0
"6406",10006,"55916d59e13823109f3ef59b",0.4710744,FALSE,FALSE,0.162790697674419,0
"6407",10008,"559edb81e138234d98ad9e38",0.5182482,FALSE,FALSE,0.166666666666667,0
"6414",10017,"54b4328ae138239d86855477",0.5362319,FALSE,FALSE,0.260869565217391,0
"6427",10031,"54b43249e138239d86849fde",0.9324324,TRUE,TRUE,1,1
"6433",10037,"559fb401e138234d98ada1b8",0.5064935,FALSE,FALSE,0.0952380952380952,0
"6434",10038,"56b97fc0cf58f14c238d4b6d",0.5901639,FALSE,FALSE,0.521739130434783,0
"6435",10039,"55b3a14be138231cbdd6d2de",1,TRUE,TRUE,0.782608695652174,1
"6441",10046,"55b2d9dde138231cbdd6ceaf",1,TRUE,TRUE,0.782608695652174,1
"6445",10050,"56e67564cf58f1b79e400016",0.3732394,FALSE,FALSE,0.166666666666667,0
"6447",10053,"54b43260e138239d8684e0ce",0.4272727,FALSE,FALSE,0.142857142857143,0
"6448",10054,"5723acf6cf58f17b5e16e877",0.4836066,FALSE,FALSE,0.292682926829268,0
"6452",10058,"54b43243e138239d8684917e",1,TRUE,TRUE,1,1
"6455",10061,"56b96acacf58f14c238d4af5",0.6907216,FALSE,FALSE,1,0
"6457",10063,"55b2b5b3e138231cbdd6cdf1",0.9866667,TRUE,TRUE,0.782608695652174,1
"6458",10064,"55b34992e138231cbdd6d107",1,TRUE,TRUE,0.782608695652174,1
"6466",10075,"57a57835cf58f16c1f5f5ccf",0.5666667,FALSE,FALSE,0.111111111111111,0
"6468",10077,"56b9817dcf58f14c238d4b77",0.9902913,TRUE,TRUE,1,1
"6470",10079,"54b43262e138239d8684e550",0.6936937,TRUE,FALSE,0.151162790697674,0
"6473",10082,"559f36c6e138234d98ad9ff1",0.973913,TRUE,TRUE,0.576470588235294,1
"6478",10087,"54b43250e138239d8684b409",0.4235294,FALSE,FALSE,0.173913043478261,0
"6495",10105,"54b4325ce138239d8684d60b",0.5714286,FALSE,FALSE,0.0892857142857143,0
"6497",10107,"55b3c454e138231cbdd6d3ae",1,TRUE,TRUE,0.782608695652174,1
"6503",10113,"54b4325fe138239d8684dd8b",0.402439,FALSE,FALSE,0.0909090909090909,0
"6505",10118,"57c5b942cf58f1338eaddb5c",0.4069767,FALSE,FALSE,0.263157894736842,0
"6506",10119,"54be3171e138233c8bc4fa2f",0.5411765,FALSE,FALSE,0.181818181818182,0
"6510",10123,"55b85eb5e13823bd29ba8729",0.5081967,FALSE,FALSE,0.133333333333333,0
"6524",10138,"54b43251e138239d8684b699",0.4966443,FALSE,FALSE,0.175438596491228,0
"6532",10148,"54b4325ce138239d8684d6ab",0.3333333,FALSE,FALSE,0.0609756097560976,0
"6534",10150,"54b4325be138239d8684d3d5",0.627451,FALSE,FALSE,0.1,0
"6535",10151,"57c4cef0cf58f196aa0b50f8",0.6595745,FALSE,FALSE,0.109090909090909,0
"6537",10153,"54b43250e138239d8684b490",0.4871795,FALSE,FALSE,0.142857142857143,0
"6542",10158,"54e83cc1e138237cc9150cfb",0.5172414,FALSE,FALSE,0.258620689655172,0
"6543",10159,"57293ba0cf58f1427b4abe2b",0.453125,FALSE,FALSE,0.241379310344828,0
"6545",10161,"574cc97acf58f108e6b0a9d0",0.5810811,TRUE,FALSE,0.352941176470588,0
"6547",10163,"54b43261e138239d8684e42c",0.7272727,FALSE,FALSE,0.136363636363636,0
"6548",10164,"54b43261e138239d8684e42c",0.6,FALSE,FALSE,0.136363636363636,0
"6556",10187,"568188b8cf58f1ba274d4625",0.5777778,FALSE,FALSE,0.19047619047619,0
"6577",10218,"54b4326ce138239d868500b7",0.3738318,FALSE,FALSE,0.162162162162162,0
"6583",10224,"54ed86cae138237cc9152301",0.3783784,FALSE,FALSE,0.145833333333333,0
"6587",10228,"56b5d315cf58f14c238d35d8",0.5483871,FALSE,FALSE,0.232558139534884,0
"6593",10236,"54b4326ee138239d86850878",0.6184211,FALSE,FALSE,0.081081081081081,0
"6600",10243,"570d9d98cf58f104e774f9c5",0.4646465,FALSE,FALSE,0.216494845360825,0
"6604",10247,"568209f0cf58f1ba274d4d19",1,TRUE,TRUE,1,1
"6605",10248,"574ac706cf58f136f198a85d",0.5,FALSE,FALSE,0.162393162393162,0
"6614",10258,"54b43260e138239d8684e17f",0.4390244,FALSE,FALSE,0.0952380952380952,0
"6615",10259,"54b4325de138239d8684d767",0.4754098,FALSE,FALSE,0.0847457627118644,0
"6621",10266,"54b4326ae138239d8684fc97",0.4578313,FALSE,FALSE,0.189189189189189,0
"6623",10268,"54e87aebe138237cc9150dfc",0.4367816,FALSE,FALSE,0.313725490196078,0
"6626",10271,"572d77a3cf58f16a816b01d1",0.525,FALSE,FALSE,0.160714285714286,0
"6636",10285,"54b4326de138239d86850554",0.4393939,FALSE,FALSE,0.162162162162162,0
"6638",10287,"54b43262e138239d8684e5e8",0.4015152,FALSE,FALSE,0.303030303030303,0
"6641",10292,"56e5dac0cf58f18418d9403e",0.4661654,FALSE,FALSE,0.222222222222222,0
"6642",10293,"570d8f3bcf58f1be6b763308",0.4933333,FALSE,FALSE,0.25,0
"6650",10301,"57bebe29cf58f1328a4aeb06",0.5,FALSE,FALSE,0.186046511627907,0
"6652",10304,"56b96fe6cf58f14c238d4b12",1,TRUE,TRUE,1,1
"6653",10305,"56b988dbcf58f14c238d4ba2",1,TRUE,TRUE,1,1
"6658",10310,"558ef903e13823109f3ee6b9",0.483871,FALSE,FALSE,0.177777777777778,0
"6660",10312,"54b4325fe138239d8684debc",0.6612903,FALSE,FALSE,0.1,0
"6661",10314,"54b4325de138239d8684d72a",0.9846154,TRUE,TRUE,1,1
"6662",10315,"54b7f658e138230a74d15b79",0.5194805,FALSE,FALSE,0.5,0
"6674",10329,"56830f56cf58f1479a0ab953",0.5505618,FALSE,FALSE,0.241379310344828,0
"6686",10341,"56c180a4cf58f15c72c900d0",0.4477612,TRUE,FALSE,0.113636363636364,0
"6694",10349,"54b4325ee138239d8684dc76",1,TRUE,TRUE,1,1
"6698",10354,"54b4325ce138239d8684d6c1",0.969697,TRUE,TRUE,1,1
"6702",10358,"5681e6a1cf58f1ba274d4b1e",0.7142857,FALSE,FALSE,0.0909090909090909,0
"6713",10369,"54b4325fe138239d8684debc",0.6833333,FALSE,FALSE,0.1,0
"6714",10370,"574ca654cf58f1bd44e93963",0.4121622,FALSE,FALSE,0.176470588235294,0
"6718",10375,"574e4d64cf58f18383a9702f",0.421875,FALSE,FALSE,0.232558139534884,0
"6729",10387,"54b4326ce138239d86850268",0.4407895,FALSE,FALSE,0.216216216216216,0
"6739",10397,"54b4326fe138239d86850976",0.5645161,FALSE,FALSE,0.180451127819549,0
"6745",10404,"54b43261e138239d8684e2f5",0.4936709,FALSE,FALSE,0.145833333333333,0
"6750",10410,"574d3ea9cf58f128da497acd",1,TRUE,TRUE,1,1
"6757",10417,"54b43260e138239d8684e0d4",0.5294118,FALSE,FALSE,0.0980392156862745,0
"6763",10423,"54ea25f3e138237cc91514d7",0.4869565,FALSE,FALSE,0.25,0
"6787",10448,"55b333bde138231cbdd6d091",0.4861111,FALSE,FALSE,0.217391304347826,0
"6791",10452,"555b14e8e138235d6f0b8ae7",0.5289256,FALSE,FALSE,0.185185185185185,0
"6795",10456,"54be0663e138233c8bc4f945",0.3809524,FALSE,FALSE,0.260869565217391,0
"6796",10457,"56820e2dcf58f1ba274d4d58",0.4583333,FALSE,FALSE,0.266666666666667,0
"6798",10459,"54b4325de138239d8684d6ec",0.9918033,TRUE,TRUE,1,1
"6800",10461,"54b43250e138239d8684b464",0.5842697,FALSE,FALSE,0.173913043478261,0
"6803",10465,"55b2a608e138231cbdd6cd9f",0.4615385,FALSE,FALSE,0.172413793103448,0
"6807",10469,"54b43262e138239d8684e550",0.5258621,FALSE,FALSE,0.152941176470588,0
"6808",10471,"54b43262e138239d8684e550",0.4653465,TRUE,FALSE,0.151162790697674,0
"6809",10472,"54b43262e138239d8684e550",0.7446809,TRUE,FALSE,0.151162790697674,0
"6814",10478,"54fdc65be138239936c6e56f",0.4953271,FALSE,FALSE,0.695652173913043,0
"6815",10479,"574b307dcf58f1546819efb3",0.5,FALSE,FALSE,0.264705882352941,0
"6821",10485,"54b43262e138239d8684e5b8",0.7333333,FALSE,FALSE,0.176470588235294,0
"6830",10495,"54b4325ee138239d8684dba5",0.625,FALSE,FALSE,0.0952380952380952,0
"6831",10496,"557c72c5e138239225f86857",0.5826087,FALSE,FALSE,0.166666666666667,0
"6832",10497,"54fbcf5fe138239936c6d766",0.4193548,FALSE,FALSE,0.28,0
"6839",10504,"54b43252e138239d8684b894",0.9866667,TRUE,TRUE,1,1
"6844",10510,"56e28cb1cf58f10a7ceff17e",0.364532,FALSE,FALSE,0.173913043478261,0
"6846",10512,"5682b03dcf58f13bc8eceb59",0.5444444,FALSE,FALSE,0.105263157894737,0
"6855",10523,"54b43251e138239d8684b5c1",0.6410256,FALSE,FALSE,0.157894736842105,0
"6858",10526,"558d5696e13823109f3edd56",1,TRUE,TRUE,0.5,1
"6867",10536,"56820ddbcf58f1ba274d4d53",0.5068493,TRUE,FALSE,0.307692307692308,0
"6869",10538,"572d9277cf58f173f46e94f8",0.432,FALSE,FALSE,0.115789473684211,0
"6873",10542,"5777f0d3cf58f103df18f0eb",0.5918367,FALSE,FALSE,0.368421052631579,0
"6875",10544,"559f3fdce138234d98ada01e",0.968254,TRUE,TRUE,0.595238095238095,1
"6876",10545,"56b97476cf58f14c238d4b2c",1,TRUE,TRUE,1,1
"6877",10546,"56b990cdcf58f14c238d4bcf",1,TRUE,TRUE,1,1
"6891",10561,"54b43245e138239d8684962c",0.496,FALSE,FALSE,0.285714285714286,0
"6894",10564,"56820e2dcf58f1ba274d4d58",0.5172414,FALSE,FALSE,0.4375,0
"6901",10571,"559ca887e138230816dad488",0.58,FALSE,FALSE,0.260869565217391,0
"6902",10572,"55b33575e138231cbdd6d09b",0.5714286,FALSE,TRUE,0.130434782608696,0
"6918",10589,"54e28d82e138237cc914f527",0.5402299,FALSE,FALSE,0.23728813559322,0
"6922",10593,"57dfee4acf58f1a462f5a742",0.4545455,FALSE,FALSE,0.23728813559322,0
"6924",10595,"54b4325fe138239d8684ddea",1,TRUE,TRUE,1,1
"6925",10596,"54f91ae1e138239936c6c6dd",0.5753425,FALSE,FALSE,0.297297297297297,0
"6927",10598,"54b4325ce138239d8684d684",1,TRUE,TRUE,1,1
"6944",10616,"55b3fa39e138231cbdd6d4e0",1,TRUE,TRUE,0.782608695652174,1
"6949",10621,"55b34b57e138231cbdd6d110",0.984375,TRUE,TRUE,0.782608695652174,1
"6951",10624,"57779683cf58f1a885b422cd",0.5471698,FALSE,FALSE,0.289473684210526,0
"6953",10626,"54b43281e138239d86853c6a",0.3829787,FALSE,FALSE,0.341463414634146,0
"6957",10630,"54e93ecae138237cc9151112",1,TRUE,TRUE,1,1
"6960",10634,"56a3dc7ccf58f1944252ada0",0.4201183,FALSE,FALSE,0.451612903225806,0
"6965",10642,"54fbdbe9e138239936c6d7c4",0.509434,FALSE,FALSE,0.122448979591837,0
"6966",10643,"55b68fe4e138238e2d05483c",0.4333333,FALSE,FALSE,0.217391304347826,0
"6971",10650,"54b4324be138239d8684a5d2",0.5384615,FALSE,FALSE,0.204081632653061,0
"6972",10651,"55ae91d0e13823763a830c83",0.3715847,FALSE,FALSE,0.1875,0
"6976",10655,"557caa08e1382390b43c7c39",0.369863,FALSE,FALSE,0.2,0
"6979",10658,"55f48f70cf58f16256a2255e",0.4814815,FALSE,FALSE,0.0612244897959183,0
"6990",10679,"557c935ae138239225f868d3",1,TRUE,TRUE,0.714285714285714,1
"6995",10721,"54b4325be138239d8684d40a",0.480315,FALSE,FALSE,0.181818181818182,0
"7002",10741,"54b43262e138239d8684e5ad",0.4571429,FALSE,FALSE,0.204545454545455,0
"7003",10742,"54b43252e138239d8684b980",0.5865385,FALSE,FALSE,0.211538461538462,0
"7004",10743,"55f2bd6ecf58f16256a218f9",0.6235294,FALSE,FALSE,0.416666666666667,0
"7009",10759,"55b999b7e1382373b63b859d",0.5254237,FALSE,FALSE,0.129032258064516,0
"7047",10838,"551801a8e1382394b500d9d7",0.42,FALSE,FALSE,0.0769230769230769,0
"7071",10866,"5714c566cf58f1490a277eba",0.4285714,FALSE,FALSE,0.186046511627907,0
"7073",10868,"54e9f5fde138237cc9151411",0.5666667,FALSE,FALSE,0.269662921348315,0
"7079",10876,"57bec534cf58f134c938bf3f",0.4065934,FALSE,FALSE,0.230769230769231,0
"7097",10896,"574f6453cf58f12883fb9b20",0.4038462,FALSE,FALSE,0.352941176470588,0
"7127",10953,"57502a63cf58f16f29678340",0.6170213,TRUE,FALSE,0.352941176470588,0
"7130",10956,"5590d8b3e13823109f3ef26a",1,TRUE,TRUE,0.782608695652174,1
"7137",10963,"55b3fcaae138231cbdd6d4eb",1,TRUE,TRUE,0.782608695652174,1
"7154",11003,"54b4325fe138239d8684dea7",1,TRUE,TRUE,1,1
"7159",11008,"56b991dccf58f14c238d4bd5",1,TRUE,TRUE,1,1
"7181",11030,"558d4941e13823109f3edd1a",0.5862069,FALSE,FALSE,0.243243243243243,0
"7190",11040,"55f2bb42cf58f16256a218ea",0.5490196,TRUE,FALSE,0.219512195121951,0
"7209",11059,"54b43264e138239d8684ece3",0.5212766,FALSE,FALSE,0.205128205128205,0
"7218",11071,"54b43281e138239d86853c68",0.4810127,FALSE,FALSE,0.121951219512195,0
"7221",11075,"562af44dcf58f10e5cb762fe",0.4680851,FALSE,FALSE,0.24390243902439,0
"7230",11084,"56dd9d4bcf58f122ee2f44c4",0.575,FALSE,FALSE,0.24,0
"7232",11086,"55b6d7c5e13823bd29ba7dd3",1,TRUE,TRUE,0.347826086956522,1
"7242",11096,"54b43262e138239d8684e4ca",0.5,FALSE,FALSE,0.16,0
"7243",11097,"56b99180cf58f14c238d4bd3",0.5757576,FALSE,FALSE,0.183673469387755,0
"7248",11102,"574fa4b9cf58f13fb66faf70",0.5217391,FALSE,FALSE,0.073170731707317,0
"7249",11103,"559f3c38e138234d98ada00c",1,TRUE,TRUE,0.640449438202247,1
"7250",11104,"57771dd8cf58f185c66ba90a",0.5,FALSE,FALSE,0.815789473684211,0
"7251",11105,"559f3537e138234d98ad9fe9",1,TRUE,TRUE,0.640449438202247,1
"7257",11111,"55b7b5b5e13823bd29ba832a",0.42,FALSE,FALSE,0.217391304347826,0
"7271",11125,"54baa152e1382369e57e51ad",0.4765101,FALSE,FALSE,0.181818181818182,0
"7276",11130,"569f5a65cf58f187a425663d",0.5909091,FALSE,FALSE,0.172413793103448,0
"7280",11134,"56b97174cf58f14c238d4b1b",1,TRUE,TRUE,1,1
"7281",11135,"54b43280e138239d86853a52",0.6116505,FALSE,FALSE,0.222222222222222,0
"7283",11137,"55b2c751e138231cbdd6ce50",0.6041667,FALSE,FALSE,0.235294117647059,0
"7287",11141,"556a148de1382382d70cfe13",0.5357143,FALSE,FALSE,0.181818181818182,0
"7290",11144,"559155f4e13823109f3ef53e",0.974359,TRUE,TRUE,0.782608695652174,1
"7291",11146,"54b4325ce138239d8684d454",0.4503817,FALSE,FALSE,0.181818181818182,0
"7297",11152,"57a206fbcf58f12f767ff9c2",0.509434,FALSE,FALSE,0.158730158730159,0
"7302",11157,"55b39b1ee138231cbdd6d2b9",0.6,FALSE,FALSE,0.2,0
"7309",11164,"570d8a25cf58f1bcc5d1a54a",0.4947368,FALSE,FALSE,0.4,0
"7315",11170,"566f42b3cf58f1b1878a77f9",0.5277778,FALSE,FALSE,0.103448275862069,0
"7318",11173,"55b3cc85e138231cbdd6d3df",1,TRUE,TRUE,0.782608695652174,1
"7326",11181,"56c178ddcf58f15c72c90041",0.5657895,FALSE,FALSE,0.119047619047619,0
"7334",11189,"54be8003e13823299564b0b5",0.3875,FALSE,FALSE,0.136986301369863,0
"7337",11192,"55cd34bfcf58f1b3b25e23c9",0.5841584,FALSE,FALSE,0.142857142857143,0
"7339",11194,"56c178ddcf58f15c72c90041",0.5844156,FALSE,FALSE,0.119047619047619,0
"7346",11203,"54b43286e138239d86854a2d",0.4947368,FALSE,FALSE,0.261904761904762,0
"7349",11206,"558cf9f5e13823109f3edb9a",0.7297297,TRUE,FALSE,0.782608695652174,0
"7352",11209,"54b43260e138239d8684e191",0.423913,TRUE,FALSE,0.137931034482759,0
"7353",11210,"54b4324ae138239d8684a2d4",0.99375,TRUE,TRUE,1,1
"7354",11211,"555b1656e138235d6f0b8af1",0.4923077,FALSE,FALSE,0.444444444444444,0
"7360",11218,"54b4326be138239d8684ff09",0.3988764,FALSE,FALSE,0.108108108108108,0
"7363",11221,"54b43250e138239d8684b4d9",0.4134615,FALSE,FALSE,0.175438596491228,0
"7371",11229,"54b4325ce138239d8684d643",0.5,FALSE,FALSE,0.0740740740740741,0
"7372",11230,"54e6ae57e138237cc915066f",0.5116279,FALSE,FALSE,0.16,0
"7375",11233,"56da0d3ecf58f1ad6c5655f6",0.5362319,FALSE,FALSE,0.135135135135135,0
"7383",11242,"57bebe29cf58f1328a4aeb06",0.9791667,TRUE,TRUE,1,1
"7389",11248,"54ed84fee138237cc91522f7",0.4545455,FALSE,FALSE,0.142857142857143,0
"7395",11257,"55b3fa39e138231cbdd6d4e0",0.4666667,FALSE,FALSE,0.0555555555555556,0
"7407",11270,"579a2e5ecf58f1b08eed5dce",1,TRUE,TRUE,1,1
"7410",11296,"54b43256e138239d8684c39a",0.4897959,TRUE,FALSE,0.173913043478261,0
"7412",11298,"5714fe22cf58f15c97ec4cf8",0.5441176,FALSE,TRUE,0.296296296296296,0
"7414",11300,"54b4325fe138239d8684dcb8",0.5234375,FALSE,FALSE,0.13953488372093,0
"7420",11306,"55b30286e138231cbdd6cf85",0.5507246,TRUE,FALSE,0.782608695652174,0
"7430",11318,"56cd4543cf58f1b14db2500b",0.4242424,FALSE,FALSE,0.196428571428571,0
"7436",11324,"571b14d4cf58f120ad7ee454",0.3950617,FALSE,FALSE,0.146341463414634,0
"7454",11343,"55aed805e138238bf543c537",0.5230769,FALSE,FALSE,0.2,0
"7455",11344,"54c112f3e1382389c54c3a58",1,TRUE,TRUE,0.976190476190476,1
"7458",11347,"557b8085e138239225f86460",0.4222222,FALSE,FALSE,0.184615384615385,0
"7459",11348,"54b71fd7e138230a74d157e2",1,TRUE,TRUE,1,1
"7467",11356,"54b4325be138239d8684d36e",0.6038961,FALSE,FALSE,0.131578947368421,0
"7472",11361,"54e94bd5e138237cc915114e",0.5645161,FALSE,FALSE,0.238095238095238,0
"7475",11364,"567483d4cf58f122156074aa",0.4698795,FALSE,FALSE,0.206896551724138,0
"7477",11366,"5725495dcf58f153c845dce2",0.5932203,FALSE,FALSE,0.185185185185185,0
"7478",11367,"573a660fcf58f19d4de86a9f",0.5294118,FALSE,FALSE,0.208333333333333,0
"7479",11368,"55b36522e138231cbdd6d18c",0.4642857,FALSE,FALSE,0.181818181818182,0
"7480",11369,"55f2c683cf58f16256a2193c",0.5740741,FALSE,FALSE,0.178571428571429,0
"7483",11372,"559014c4e13823109f3eed97",0.9928571,TRUE,TRUE,0.782608695652174,1
"7498",11387,"54b43281e138239d86853acd",1,TRUE,TRUE,1,1
"7499",11388,"54db2b09e138235b0d06b77c",0.3539326,FALSE,FALSE,0.130434782608696,0
"7500",11389,"566e0506cf58f10a31738241",0.4153846,FALSE,FALSE,0.193548387096774,0
"7501",11390,"566e0506cf58f10a31738241",0.4142857,FALSE,FALSE,0.193548387096774,0
"7504",11393,"558ffb17e13823109f3eecf1",1,TRUE,TRUE,0.782608695652174,1
"7518",11408,"573a961ccf58f1b25c5bef94",0.5714286,FALSE,FALSE,0.208333333333333,0
"7519",11409,"55b30fd8e138231cbdd6cfd4",1,TRUE,TRUE,0.782608695652174,1
"7520",11410,"55b3c1c7e138231cbdd6d39d",1,TRUE,TRUE,0.782608695652174,1
"7521",11411,"55b3a994e138231cbdd6d310",0.5714286,FALSE,FALSE,0.172413793103448,0
"7522",11412,"57e97ac5cf58f198be44d238",1,FALSE,TRUE,1,1
"7527",11418,"54b43280e138239d86853858",0.5555556,FALSE,FALSE,0.193548387096774,0
"7530",11421,"55b3a534e138231cbdd6d2f4",1,TRUE,TRUE,0.782608695652174,1
"7531",11422,"55b6cf85e13823bd29ba7da1",0.5,FALSE,FALSE,0.217391304347826,0
"7534",11426,"54f9eb89e138239936c6ca63",0.384106,FALSE,FALSE,0.145833333333333,0
"7537",11430,"56a079bacf58f1079fd4bf0e",0.5692308,FALSE,FALSE,0.217391304347826,0
"7541",11434,"56da0a3bcf58f1aa7563f0fd",0.7362637,TRUE,TRUE,0.782608695652174,1
"7551",11448,"56c188d9cf58f15c72c90161",0.5487805,FALSE,FALSE,0.130434782608696,0
"7571",11472,"54cda112e138236bcc92a4fb",0.578125,FALSE,FALSE,0.24,0
"7574",11475,"57890f96cf58f15d1e23ce2d",0.4237288,FALSE,FALSE,0.08,0
"7576",11477,"56a4ea19cf58f1944252c1fb",0.5227273,FALSE,FALSE,0.28,0
"7583",11484,"56fed227cf58f16966684be9",0.4597701,FALSE,FALSE,0.216216216216216,0
"7585",11486,"55b39b1ee138231cbdd6d2b9",0.6,FALSE,FALSE,0.130434782608696,0
"7588",11489,"574ae6abcf58f13f8a2ce05d",0.5131579,FALSE,FALSE,0.352941176470588,0
"7592",11493,"54b4326ce138239d86850133",0.4230769,FALSE,FALSE,0.162162162162162,0
"7594",11495,"54b4325ce138239d8684d48d",0.4105263,FALSE,FALSE,0.130434782608696,0
"7595",11496,"56b966c1cf58f14c238d4add",0.5151515,FALSE,FALSE,0.166666666666667,0
"7596",11498,"54b43251e138239d8684b537",0.475,FALSE,FALSE,0.219512195121951,0
"7597",11499,"57260864cf58f1949cf25901",0.5181818,FALSE,FALSE,0.219512195121951,0
"7600",11505,"56c1823ecf58f15c72c900dc",0.4578313,FALSE,FALSE,0.0967741935483871,0
"7601",11508,"55b31618e138231cbdd6cff6",0.6470588,FALSE,FALSE,0.145454545454546,0
"7603",11510,"57772be2cf58f189d808f131",0.9824561,TRUE,TRUE,0.921052631578947,1
"7604",11511,"56819522cf58f1ba274d46d5",0.5205479,FALSE,FALSE,0.108108108108108,0
"7606",11513,"55b68fe4e138238e2d05483c",1,TRUE,TRUE,0.782608695652174,1
"7608",11515,"55b6bbc9e13823bd29ba7d20",0.6282051,FALSE,FALSE,0.138888888888889,0
"7613",11525,"54b43260e138239d8684e017",0.3757576,FALSE,FALSE,0.137931034482759,0
"7616",11533,"5681c7c8cf58f1ba274d495d",0.4772727,FALSE,FALSE,0.191489361702128,0
"7620",11537,"54b4326be138239d8684ffee",0.5164835,FALSE,FALSE,0.297297297297297,0
"7622",11539,"57921eb1cf58f1037e5f8482",0.5353535,TRUE,FALSE,0.25,0
"7639",11558,"54b43280e138239d868539d8",0.4893617,FALSE,FALSE,0.2,0
"7641",11560,"573a42efcf58f18daab98843",0.5714286,FALSE,FALSE,0.166666666666667,0
"7642",11561,"55901750e13823109f3eeda7",0.5,FALSE,FALSE,0.277777777777778,0
"7666",11589,"55b7e70ce13823bd29ba843b",0.4269663,FALSE,FALSE,0.217391304347826,0
"7670",11597,"54b4325ee138239d8684dc2f",0.5326087,FALSE,FALSE,0.137931034482759,0
"7675",11602,"559d50dee13823163fc64ee7",0.3644068,FALSE,FALSE,0.185185185185185,0
"7698",11631,"56f6a097cf58f15e8a358fbe",0.4711538,FALSE,FALSE,0.178571428571429,0
"7699",11633,"5682fba7cf58f1479a0ab858",0.4271845,FALSE,FALSE,0.323529411764706,0
"7700",11634,"54b43250e138239d8684b371",0.5652174,FALSE,FALSE,0.538461538461538,0
"7703",11637,"56b5606ccf58f14c238d3336",0.59,FALSE,FALSE,0.245283018867924,0
"7705",11641,"55b6920ee138238e2d054845",1,TRUE,TRUE,0.782608695652174,1
"7710",11647,"57a84b4acf58f1728a877bb5",0.3096085,FALSE,FALSE,0.206896551724138,0
"7719",11657,"54b4326ee138239d86850812",0.4933333,FALSE,FALSE,0.378378378378378,0
"7729",11667,"54b4324de138239d8684abc1",0.5901639,FALSE,FALSE,0,0
